,PLAYER,Height
0,Rick Wilson,77
1,Dan Roundfield,80
2,Tree Rollins,85
3,Tom McMillen,83
4,Butch Lee,72
5,Eddie Johnson,74
6,Armond Hill,76
7,Keith Herron,78
8,Steve Hawes,81
9,Jack Givens,77
10,Terry Furlow,76
11,John Drew,78
12,Charlie Criss,68
13,Brian Winters,76
14,Lloyd Walton,72
15,Norm Van Lier,73
16,Sam Smith,76
17,Kevin Restani,81
18,Marques Johnson,79
19,George Johnson,79
20,Otis Howard,79
21,Ernie Grunfeld,78
22,John Gianelli,82
23,Quinn Buckner,75
24,Junior Bridgeman,77
25,Del Beshore,71
26,Kent Benson,82
27,Earl Williams,79
28,Jo Jo White,75
29,Earl Tatum,77
30,Kevin Stacom,75
31,Frankie Sanders,78
32,Curtis Rowe,79
33,Rick Robey,83
34,Bob McAdoo,81
35,Cedric Maxwell,80
36,Billy Knight,78
37,Jeff Judkins,78
38,Chris Ford,77
39,Dave Cowens,81
40,Don Chaney,77
41,Marvin Barnes,80
42,Tom Barker,83
43,Dennis Awtrey,82
44,Tiny Archibald,73
45,John Williamson,74
46,Wilson Washington,81
47,Jan van Breda Kolff,79
48,Al Skinner,75
49,Ralph Simpson,77
50,Eric Money,72
51,Bernard King,79
52,Eddie Jordan,73
53,Phil Jackson,80
54,Bob Elliott,81
55,Harvey Catchings,81
56,Winford Boynes,78
57,Tim Bassett,80
58,Andre Wakefield,75
59,Reggie Theus,79
60,Steve Sheppard,78
61,John Mengelt,74
62,Scott May,79
63,Scott Lloyd,82
64,Mark Landsberger,80
65,Ollie Johnson,78
66,Mickey Johnson,82
67,Wilbur Holland,72
68,Artis Gilmore,86
69,Charles Dudley,74
70,John Brown,79
71,Tate Armstrong,75
72,Foots Walker,72
73,Elmore Smith,84
74,Bingo Smith,77
75,Campy Russell,80
76,Mike Mitchell,79
77,John Lambert,82
78,Kenny Higgs,72
79,Walt Frazier,76
80,Harry Davis,79
81,Jim Chones,83
82,Austin Carr,76
83,Jim Brewer,81
84,Bob Wilkerson,78
85,David Thompson,76
86,Robert Smith,71
87,Charlie Scott,77
88,Anthony Roberts,77
89,George McGinnis,80
90,John Kuester,74
91,Dan Issel,81
92,Kim Hughes,83
93,Phil Hicks,79
94,Bo Ellis,81
95,Geoff Crompton,83
96,Tom Boswell,81
97,Terry Tyler,79
98,Kevin Porter,72
99,Ben Poquette,81
100,Larry McNeill,81
101,John Long,77
102,Bob Lanier,83
103,Essie Hollis,78
104,Bubbles Hawkins,76
105,Rickey Green,72
106,Gus Gerard,80
107,Leon Douglas,82
108,M.L. Carr,78
109,Dennis Boyd,73
110,Ron Behagen,81
111,Nate Williams,77
112,Raymond Townsend,75
113,Phil Smith,76
114,Purvis Short,79
115,Tony Robertson,76
116,Clifford Ray,81
117,Sonny Parker,78
118,Robert Parish,85
119,John Lucas,75
120,Ray Epps,78
121,Wesley Cox,78
122,Wayne Cooper,82
123,Tom Abernethy,79
124,Slick Watts,73
125,Rudy Tomjanovich,80
126,Robert Reid,80
127,Mike Newlin,76
128,Calvin Murphy,69
129,Moses Malone,82
130,Dwight Jones,82
131,Mike Dunleavy,75
132,Jacky Dorsey,79
133,E.C. Coleman,80
134,Alonzo Bradley,78
135,Rick Barry,79
136,Ricky Sobers,75
137,Wayne Radford,75
138,Steve Green,79
139,Alex English,79
140,Len Elmore,81
141,James Edwards,84
142,Johnny Davis,74
143,Brad Davis,75
144,Corky Calhoun,79
145,Mike Bantom,81
146,Freeman Williams,76
147,Sidney Wicks,80
148,Jerome Whitehead,82
149,Nick Weatherspoon,79
150,Kermit Washington,80
151,Brian Taylor,74
152,Randy Smith,75
153,Stan Pietkiewicz,77
154,John Olive,79
155,Connie Norman,75
156,Swen Nater,83
157,Kevin Kunnert,84
158,World B. Free,74
159,Bob Bigelow,79
160,Jamaal Wilkes,78
161,Dave Robisch,82
162,Jim Price,75
163,Norm Nixon,74
164,Lou Hudson,77
165,Don Ford,81
166,Adrian Dantley,77
167,Michael Cooper,77
168,Ron Carter,77
169,Kenny Carr,79
170,Ron Boone,74
171,Kareem Abdul-Jabbar,86
172,Ray Williams,75
173,Marvin Webster,85
174,John Rudd,79
175,Micheal Ray Richardson,77
176,Earl Monroe,75
177,Joe Meriweather,82
178,Toby Knight,81
179,Spencer Haywood,80
180,Glen Gondrezick,78
181,Mike Glenn,74
182,Jim Cleamons,75
183,Greg Bunch,78
184,Butch Beard,75
185,Gus Williams,74
186,Wally Walker,79
187,Dick Snyder,77
188,Paul Silas,79
189,Jack Sikma,83
190,Lonnie Shelton,80
191,Jackie Robinson,78
192,Tom LaGarde,82
193,John Johnson,79
194,Dennis Johnson,76
195,Joe Hassett,77
196,Lars Hansen,82
197,Fred Brown,75
198,Marlon Redmond,78
199,Steve Mix,79
200,Caldwell Jones,83
201,Bobby Jones,81
202,Julius Erving,79
203,Darryl Dawkins,83
204,Doug Collins,78
205,Maurice Cheeks,73
206,Joe Bryant,81
207,Henry Bibby,73
208,Paul Westphal,76
209,Alvin Scott,79
210,Truck Robinson,79
211,Ted McClain,73
212,Ron Lee,76
213,Joel Kramer,79
214,Gar Heard,78
215,Bayard Forrest,82
216,Walter Davis,78
217,Marty Byrnes,79
218,Don Buse,76
219,Mike Bratz,74
220,Alvan Adams,81
221,Dave Twardzik,73
222,Mychal Thompson,82
223,Ira Terrell,80
224,Larry Steele,77
225,Willie Smith,74
226,Tom Owens,82
227,Lloyd Neal,79
228,Jim McMillian,77
229,Maurice Lucas,81
230,Clemon Johnson,82
231,Lionel Hollins,75
232,Bob Gross,78
233,T.R. Dunn,76
234,Ron Brewer,76
235,Kim Anderson,79
236,Scott Wedman,79
237,Richard Washington,83
238,Bill Robinzine,79
239,Bob Nash,80
240,Billy McKinney,72
241,Sam Lacey,82
242,Darnell Hillman,81
243,Phil Ford,74
244,Tom Burleson,86
245,Otis Birdsong,75
246,Lucius Allen,74
247,James Silas,73
248,Billy Paultz,83
249,Mark Olberding,80
250,Glenn Mosley,80
251,Larry Kenon,81
252,Mike Green,82
253,George Gervin,79
254,Mike Gale,76
255,Coby Dietrick,82
256,Louie Dampier,72
257,Allan Bristow,79
258,Jim McElroy,75
259,Pete Maravich,77
260,Rich Kelley,84
261,Aaron James,80
262,James Hardy,80
263,Paul Griffin,81
264,Tommie Green,74
265,Gail Goodrich,73
266,Gus Bailey,77
267,Sam Pellom,81
268,Sidney Moncrief,75
269,Dave Meyers,80
270,Pat Cummings,81
271,Gerald Henderson,74
272,Eric Fernsten,82
273,Larry Bird,81
274,Cliff Robinson,81
275,Roger Phegley,78
276,Calvin Natt,78
277,Ollie Mack,75
278,Dave Greenwood,81
279,Roger Brown,83
280,Bill Willoughby,80
281,John Roche,75
282,Arvid Kramer,81
283,Gary Garland,76
284,John Shumate,81
285,Steve Malovic,82
286,Greg Kelser,79
287,Phil Hubbard,80
288,Roy Hamilton,74
289,Earl Evans,80
290,Terry Duerod,74
291,Bubba Wilson,75
292,Cheese Johnson,78
293,John Coughran,79
294,Rudy White,74
295,Paul Mokeski,84
296,Allen Leavell,73
297,Major Jones,81
298,Tom Henderson,75
299,Tony Zeno,80
300,Phil Chenier,75
301,Dudley Bradley,78
302,Bill Walton,83
303,Bob Carrington,78
304,Magic Johnson,81
305,Brad Holland,75
306,Sly Williams,79
307,Geoff Huston,74
308,Larry Demic,81
309,Hollis Copeland,78
310,Bill Cartwright,85
311,Vinnie Johnson,74
312,James Bailey,81
313,Bernard Toone,81
314,Jim Spanarkel,77
315,Clint Richardson,75
316,Johnny High,75
317,Jeff Cook,82
318,Jim Paxson,78
319,Abdul Jeelani,80
320,Billy Ray Bates,76
321,Reggie King,78
322,Terry Crosby,76
323,Wiley Peck,79
324,Sylvester Norris,83
325,Irv Kiffin,81
326,Mike Evans,73
327,Duck Williams,74
328,Carl Kilpatrick,82
329,Greg Deane,76
330,Paul Dawkins,77
331,Mack Calvin,72
332,Craig Shelton,79
333,Wes Matthews,73
334,Don Collins,78
335,Art Collins,76
336,Kevin McHale,82
337,Wayne Kreklow,76
338,Rory Sparrow,74
339,Mike O'Koren,79
340,Lowes Moore,73
341,Edgar Jones,82
342,Mike Gminski,83
343,Darwin Cook,75
344,Sam Worthen,77
345,James Wilkes,79
346,Ronnie Lester,74
347,Bill Laimbeer,83
348,Chad Kinch,76
349,Walter Jordan,79
350,Clarence Kea,78
351,Ralph Drollinger,86
352,Monti Davis,79
353,Darrell Allums,81
354,Kiki Vandeweghe,80
355,Ronnie Valentine,79
356,James Ray,80
357,Jawann Oldham,84
358,Carl Nicks,73
359,Cedrick Hordges,80
360,Larry Wright,73
361,Wayne Robinson,80
362,Edmund Lawrence,84
363,Lee Johnson,83
364,Tony Fuller,76
365,Larry Drew,73
366,Norman Black,77
367,Larry Smith,80
368,Lorenzo Romar,73
369,Billy Reid,77
370,Bill Mayfield,79
371,Joe Barry Carroll,84
372,Rickey Brown,82
373,John Stroud,79
374,Calvin Garrett,79
375,Jerry Sichting,73
376,Louis Orr,80
377,Kenny Natt,75
378,Dick Miller,78
379,Wally Rank,78
380,Tony Price,78
381,Ron Davis,78
382,Michael Brooks,79
383,Myles Patrick,80
384,Tony Jackson,72
385,Alan Hardy,79
386,Butch Carter,77
387,Mike Woodson,77
388,DeWayne Scales,80
389,Reggie Carter,75
390,Bill Hanzlik,79
391,James Donaldson,86
392,Andrew Toney,75
393,Earl Cureton,81
394,Mike Niles,78
395,Kyle Macy,75
396,Kelvin Ransey,73
397,Mike Harper,82
398,Hawkeye Whitney,77
399,Michael Wiley,81
400,Johnny Moore,73
401,Reggie Johnson,81
402,Dave Corzine,83
403,Jeff Wilkins,83
404,Brett Vroman,84
405,Darrell Griffith,76
406,John Duren,75
407,Mel Bennett,79
408,Al Wood,78
409,Rudy Macklin,79
410,Alton Lister,84
411,Bob Dandridge,78
412,Tracy Jackson,78
413,Charles Bradley,77
414,Danny Ainge,76
415,Buck Williams,80
416,Ray Tolbert,81
417,Ed Sherod,74
418,Albert King,78
419,Joe Cooper,82
420,David Burns,74
421,Orlando Woolridge,81
422,Roger Burkman,77
423,Ray Blume,76
424,Mickey Dillard,75
425,Brad Branson,82
426,Jay Vincent,79
427,Elston Turner,77
428,Kurt Nimphius,82
429,Rolando Blackman,78
430,Mark Aguirre,78
431,Kelly Tripucka,78
432,Isiah Thomas,73
433,Steve Hayes,84
434,Glenn Hagan,72
435,Sam Williams,80
436,Hank McDowell,81
437,Lewis Lloyd,78
438,Larry Spriggs,79
439,Elvin Hayes,81
440,Herb Williams,82
441,Jim Smith,81
442,Rock Lee,82
443,John Douglas,74
444,Tom Chambers,82
445,Jim Brogan,76
446,Kurt Rambis,80
447,Kevin McKenna,77
448,Mike McGee,77
449,Mitch Kupchak,81
450,Clay Johnson,76
451,Alex Bradley,78
452,Danny Vranes,79
453,Mark Radford,76
454,Franklin Edwards,73
455,Larry Nance,82
456,John McCullough,76
457,Craig Dykema,80
458,Pete Verhoeven,81
459,Darnell Valentine,73
460,Jeff Lamp,78
461,Pétur Guðmundsson,86
462,Carl Bailey,84
463,Kevin Loder,78
464,Steve Johnson,82
465,Kenny Dennard,80
466,Rich Yonakor,81
467,Ed Rains,79
468,Gene Banks,79
469,Howard Wood,79
470,Danny Schayes,83
471,Bobby Cattage,81
472,Dominique Wilkins,80
473,Scott Hastings,82
474,Keith Edmonson,77
475,Paul Pressey,77
476,Darren Tillis,83
477,Eddie Phillips,79
478,Sleepy Floyd,75
479,Rod Higgins,79
480,Quintin Dailey,75
481,Dave Magley,80
482,Bruce Flowers,80
483,John Bagley,72
484,Corny Thompson,80
485,Bill Garnett,81
486,Rob Williams,74
487,Dwight Anderson,75
488,Jim Zoet,85
489,Walker Russell,77
490,Ricky Pierce,76
491,Cliff Levingston,80
492,Jim Johnstone,83
493,Derek Smith,78
494,Chris Engler,83
495,Lester Conner,76
496,Terry Teagle,77
497,Jeff Taylor,76
498,Chuck Nevitt,89
499,Jose Slaughter,77
500,Russ Schoene,82
501,Guy Morgan,80
502,Clark Kellogg,79
503,Hutch Jones,80
504,Craig Hodges,74
505,Terry Cummings,81
506,Richard Anderson,82
507,James Worthy,81
508,Trent Tucker,77
509,Vince Taylor,77
510,Mike Davis,82
511,John Greig,79
512,Mark McNamara,83
513,Marc Iavaroni,80
514,J.J. Anderson,80
515,Rory White,80
516,David Thirdkill,79
517,Charles Pittman,80
518,Linton Townes,79
519,Audie Norris,81
520,Fat Lever,75
521,LaSalle Thompson,82
522,Brook Steppe,77
523,Ed Nealy,79
524,Mike Sanders,78
525,Oliver Robinson,76
526,Rickey Williams,73
527,Jerry Eaves,76
528,Mark Eaton,88
529,Randy Wittman,78
530,Doc Rivers,76
531,John Pinone,80
532,Kevin Grevey,77
533,Randy Breuer,87
534,Greg Kite,83
535,Carlos Clark,76
536,Bruce Kuczenski,82
537,Mark Jones,73
538,Mitchell Wiggins,76
539,Ennis Whatley,75
540,Sidney Green,81
541,Wallace Bryant,84
542,Paul Thompson,78
543,Roy Hinson,81
544,Stewart Granger,75
545,John Garris,80
546,Mark West,82
547,Derek Harper,76
548,Dale Ellis,79
549,Howard Carter,77
550,Ken Austin,81
551,Pace Mannion,79
552,Russell Cross,82
553,Ralph Sampson,88
554,Rodney McCray,79
555,Craig Ehlo,78
556,Granville Waiters,83
557,Jim Thomas,75
558,Steve Stipanovich,83
559,Sidney Lowe,72
560,Leroy Combs,80
561,Byron Scott,75
562,Darrell Walker,76
563,Jon Sundvold,74
564,Scooter McCray,81
565,Sedale Threatt,74
566,Leo Rautins,80
567,Charles Jones,81
568,Rod Foster,73
569,Tom Piotrowski,85
570,Clyde Drexler,79
571,Dane Suttle,75
572,Larry Micheaux,81
573,Kevin Williams,74
574,Brant Weidner,81
575,Fred Roberts,82
576,John Paxson,74
577,Bob Miller,82
578,Darrell Lockhart,81
579,Steve Lingenfelter,81
580,Dave Batton,82
581,Bob Hansen,78
582,Thurl Bailey,83
583,Kevin Willis,84
584,Antoine Carr,81
585,Kenny Fields,77
586,Charles Davis,79
587,Rick Carlisle,77
588,Michael Wilson,76
589,Jeff Turner,81
590,Wayne Sappleton,81
591,Michael Jordan,78
592,Melvin Turpin,83
593,Butch Graves,75
594,Ron Anderson,79
595,Tom Sluby,76
596,Charlie Sitton,80
597,Sam Perkins,81
598,Willie White,75
599,Joe Kopicki,81
600,Dale Wilkinson,82
601,Tony Campbell,79
602,Othell Wilson,72
603,Peter Thibeaux,79
604,Gary Plummer,81
605,Steve Burtt,74
606,Chuck Aleksinas,83
607,Jim Petersen,82
608,Hakeem Olajuwon,84
609,Terence Stansbury,77
610,Ralph Jackson,74
611,Stuart Gray,84
612,Vern Fleming,77
613,Kenton Edelin,80
614,Devin Durrant,79
615,Tony Brown,78
616,Bryan Warrick,77
617,Jay Murphy,81
618,Lancaster Gordon,75
619,Michael Cage,81
620,Earl Jones,84
621,Eddie Lee Wilkins,82
622,Ron Cavenall,85
623,Ken Bannister,81
624,Danny Young,75
625,John Schweitz,78
626,Tim McCormick,83
627,Frank Brickowski,81
628,Cory Blackwell,78
629,Leon Wood,75
630,Charles Barkley,78
631,Michael Young,79
632,Jay Humphries,75
633,Michael Holton,76
634,Bernard Thompson,78
635,Tom Scheffler,83
636,Jerome Kersey,79
637,Steve Colter,75
638,Sam Bowie,85
639,Otis Thorpe,81
640,David Pope,79
641,Alvin Robertson,75
642,Ozell Jones,83
643,John Stockton,73
644,Spud Webb,66
645,Sedric Toney,74
646,Jon Koncak,84
647,Lorenzo Charles,79
648,John Battle,74
649,Derrick Rowland,77
650,Jerry Reynolds,80
651,Sam Vincent,74
652,Yvon Joseph,83
653,Mike Smrek,84
654,Charles Oakley,80
655,Dirk Minniefield,75
656,Ben McDonald,80
657,Keith Lee,82
658,Bill Wennington,84
659,Detlef Schrempf,82
660,Harold Keeling,76
661,Uwe Blab,85
662,Pete Williams,79
663,Blair Rasmussen,84
664,Rick Mahorn,82
665,Mike Gibson,82
666,Joe Dumars,75
667,Ron Crevier,84
668,Guy Williams,81
669,Chris Mullin,78
670,Greg Ballard,79
671,Steve Harris,77
672,Wayman Tisdale,81
673,Dwayne McClain,78
674,Bill Martin,79
675,Jeff Cross,82
676,Benoit Benjamin,84
677,Jerome Henderson,83
678,A.C. Green,81
679,Gerald Wilkins,78
680,Bob Thornton,82
681,Chris McNealy,79
682,Ken Green,80
683,Patrick Ewing,84
684,Fred Cofield,75
685,Alex Stivrins,80
686,Michael Phelps,76
687,Xavier McDaniel,79
688,Brian Martin,81
689,Voise Winters,80
690,Greg Stokes,82
691,Perry Moss,74
692,Kenny Green,78
693,Terry Catledge,80
694,Nick Vanos,85
695,Ed Pinckney,81
696,Georgi Glouchkov,80
697,Terry Porter,75
698,Ken Johnson,80
699,Joe Kleine,83
700,Carl Henry,78
701,David Cooke,80
702,Michael Adams,70
703,Alfredrick Hughes,77
704,Tyrone Corbin,78
705,Mike Brittain,84
706,Carey Scurry,79
707,Karl Malone,81
708,Cedric Henderson,80
709,Keith Smith,75
710,Scott Skiles,73
711,Andre Turner,71
712,Conner Henry,79
713,Darren Daye,80
714,Pearl Washington,74
715,Ben Coleman,81
716,Perry Young,77
717,Brad Sellers,84
718,Pete Myers,78
719,Mike Brown,81
720,Hot Rod Williams,83
721,Mark Price,72
722,Johnny Newman,79
723,Ron Harper,78
724,Brad Daugherty,84
725,Roy Tarpley,83
726,Dennis Nutt,74
727,Myron Jackson,75
728,Otis Smith,77
729,Maurice Martin,78
730,Mark Alarie,80
731,John Salley,83
732,Dennis Rodman,79
733,Cozell McQueen,83
734,Chris Washburn,83
735,Clinton Smith,78
736,Kevin Henderson,76
737,Buck Johnson,79
738,Dave Feitl,83
739,Chuck Person,80
740,Greg Dreiling,85
741,Dwayne Polee,77
742,Tim Kempton,82
743,Steffond Johnson,80
744,Billy Thompson,79
745,Adrian Branch,79
746,Brad Wright,83
747,Kenny Walker,80
748,McKinley Singleton,77
749,Nate McMillan,77
750,Curtis Kitchen,81
751,David Wingate,77
752,Jeff Ruland,82
753,Jim Lampley,82
754,Jeff Hornacek,75
755,Grant Gondrezick,77
756,Kenny Gattison,80
757,William Bedford,84
758,Rafael Addison,79
759,Ron Rowan,77
760,Fernando Martín,81
761,Kevin Duckworth,84
762,Joe Binion,80
763,Walter Berry,80
764,Johnny Rogers,82
765,Harold Pressley,79
766,Bruce Douglas,75
767,Forrest McKenzie,79
768,Larry Krystkowiak,81
769,Anthony Jones,78
770,Johnny Dawkins,74
771,Dell Curry,76
772,Rickie Winslow,80
773,John Stroeder,82
774,Andre Moore,81
775,Dave Hoppen,83
776,Brad Lohaus,83
777,Reggie Lewis,79
778,Mark Acres,83
779,Ricky Wilson,75
780,Duane Washington,76
781,Jamie Waller,76
782,Dennis Hopson,77
783,Dallas Comegys,81
784,Tony White,74
785,Scottie Pippen,80
786,Horace Grant,82
787,Kevin Johnson,73
788,Kannard Johnson,81
789,Chris Dudley,83
790,Jim Farmer,76
791,Steve Alford,74
792,Ron Moore,84
793,Ralph Lewis,78
794,Mark Wade,71
795,Winston Garland,74
796,Tellis Frank,82
797,Clinton Wheeler,73
798,Brian Rowsom,81
799,Reggie Miller,79
800,Joe Wolf,83
801,Reggie Williams,79
802,Eric White,80
803,Ken Norman,80
804,Martin Nessley,86
805,Tod Murphy,81
806,Claude Gregory,80
807,Norris Coleman,80
808,Milt Wagner,77
809,Mark Jackson,73
810,Billy Donovan,71
811,Olden Polynice,83
812,Derrick McKey,81
813,Chris Welp,84
814,Dave Henderson,77
815,Vincent Askew,78
816,Armen Gilliam,81
817,Winston Crite,79
818,Nikita Wilson,80
819,Ronnie Murphy,77
820,Kevin Gamble,77
821,Kenny Smith,75
822,Michael Jackson,74
823,Joe Arlauckas,81
824,Phil Zevenbergen,82
825,Richard Rellford,78
826,Nate Blackwell,76
827,Greg Anderson,82
828,Scott Roth,80
829,Bart Kofoed,76
830,Eddie Hughes,70
831,Duane Ferrell,79
832,Tito Horford,85
833,Jeff Grayer,77
834,Mark Davis,78
835,Kelvin Upshaw,74
836,Brian Shaw,78
837,Ramón Rivas,82
838,Ron Grandison,78
839,Charles Shackleford,82
840,Chris Morris,80
841,Bill Jones,79
842,Corey Gaines,75
843,David Wood,81
844,Dominic Pressley,74
845,Will Perdue,84
846,Jack Haley,82
847,Tom Tolbert,79
848,Rex Chapman,76
849,Muggsy Bogues,63
850,Randolph Keys,79
851,Morlon Wiley,76
852,Jerome Lane,78
853,Wayne Englestad,80
854,Micheal Williams,74
855,Jim Rowinski,80
856,Fennis Dembo,77
857,John Starks,75
858,Mitch Richmond,77
859,Shelton Jones,81
860,Orlando Graham,80
861,Manute Bol,91
862,Frank Johnson,73
863,Derrick Chievous,79
864,Everette Stephens,74
865,Rik Smits,88
866,Richard Morton,75
867,Anthony Frederick,79
868,Barry Sumpter,83
869,Charles Smith,82
870,Rob Rose,77
871,Dave Popson,82
872,Danny Manning,82
873,Rob Lock,81
874,Gary Grant,75
875,Tom Garrick,74
876,David Rivers,72
877,Anthony Taylor,76
878,John Shasky,83
879,Rony Seikaly,83
880,Craig Neal,77
881,Todd Mitchell,79
882,Grant Long,80
883,Sylvester Gray,78
884,Kevin Edwards,75
885,Rod Strickland,75
886,Greg Butler,83
887,Avery Johnson,70
888,Mike Champion,82
889,Hersey Hawkins,75
890,Scott Brooks,71
891,Tim Perry,81
892,Dan Majerle,78
893,Andrew Lang,83
894,Steve Kerr,75
895,Rolando Ferreira,85
896,Mark Bryant,81
897,Ben Gillery,84
898,Vinny Del Negro,76
899,Ricky Berry,80
900,Randy Allen,80
901,Keith Smart,73
902,Vernon Maxwell,76
903,Anthony Bowie,78
904,Willie Anderson,79
905,Michael Anderson,71
906,José Ortiz,82
907,Jim Les,71
908,Eric Leckner,83
909,Haywoode Workman,74
910,Mike Williams,80
911,Alexander Volkov,82
912,Roy Marble,78
913,Frank Kornet,81
914,Michael Smith,82
915,Jay Taylor,75
916,Anthony Mason,79
917,Jaren Jackson,76
918,Derrick Gervin,80
919,Stanley Brundy,78
920,Mookie Blaylock,72
921,Jeff Sanders,80
922,Clifford Lett,75
923,Stacey King,83
924,B.J. Armstrong,74
925,J.R. Reid,81
926,Terry Dozier,81
927,Gary Voce,81
928,John Morton,75
929,Chucky Brown,79
930,Winston Bennett,79
931,Randy White,80
932,Bob McCann,78
933,Todd Lichti,76
934,Mike Higgins,81
935,Stan Kimbrough,71
936,Leonard Taylor,80
937,Šarūnas Marčiulionis,77
938,Tim Hardaway,72
939,Byron Dinkins,73
940,Adrian Caldwell,80
941,Dyron Nix,79
942,George McCloud,78
943,Carlton McKinney,76
944,Jeff Martin,77
945,Jay Edwards,76
946,Torgeir Bryn,81
947,Mel McCants,80
948,Vlade Divac,85
949,Steve Bucknall,78
950,Doug West,78
951,Donald Royal,80
952,Pooh Richardson,73
953,Sam Mitchell,78
954,Gary Leonard,85
955,Glen Rice,79
956,Scott Haffner,75
957,Sherman Douglas,72
958,Terry Davis,81
959,Brian Quinnett,80
960,Scott Meents,82
961,Shawn Kemp,82
962,Dana Barros,71
963,Michael Ansley,79
964,Nick Anderson,78
965,Dexter Shouse,74
966,Kenny Payne,80
967,Lanard Copeland,78
968,Mike Morrison,76
969,Tim Legler,76
970,Greg Grant,67
971,Kenny Battle,78
972,Clifford Robinson,82
973,Dražen Petrović,77
974,Nate Johnston,80
975,Byron Irvin,77
976,Henry Turner,79
977,Pervis Ellison,81
978,David Robinson,85
979,Žarko Paspalj,81
980,Jeff Lebo,74
981,Sean Elliott,80
982,Delaney Rudd,74
983,Eric Johnson,74
984,Blue Edwards,76
985,Raymond Brown,80
986,Howard Wright,80
987,Trevor Wilson,79
988,Rumeal Robinson,74
989,Steve Henson,71
990,A.J. Wynder,74
991,Stojko Vranković,86
992,Dee Brown,73
993,Terry Mills,82
994,Kurk Lee,75
995,Tate George,77
996,Derrick Coleman,82
997,Jud Buechler,78
998,Scott Williams,82
999,Steve Scheffler,81
1000,Kendall Gill,77
1001,Gerald Paddio,79
1002,Henry James,80
1003,Danny Ferry,82
1004,Miloš Babić,84
1005,Jim Grandholm,84
1006,Marcus Liberty,80
1007,Anthony Cook,81
1008,Mahmoud Abdul-Rauf,73
1009,Lance Blanks,76
1010,Larry Robinson,75
1011,Kevin Pritchard,75
1012,Les Jepsen,84
1013,Tyrone Hill,81
1014,Mario Elie,77
1015,Kennard Winchester,77
1016,Dave Jamerson,77
1017,Matt Bullard,82
1018,Kenny Williams,81
1019,Loy Vaught,81
1020,Bo Kimble,76
1021,Cedric Ball,80
1022,Irving Thomas,80
1023,Tony Smith,75
1024,Elden Campbell,83
1025,Felton Spencer,84
1026,Dan Godfread,82
1027,Gerald Glass,77
1028,Richard Coffey,78
1029,Alan Ogg,86
1030,Alec Kessler,83
1031,Bimbo Coles,73
1032,Willie Burton,80
1033,Keith Askins,79
1034,Jerrod Mustaf,82
1035,Gary Payton,76
1036,Dennis Scott,80
1037,Jayson Williams,81
1038,Brian Oliver,76
1039,Tony Harris,75
1040,Ian Lockhart,80
1041,Negele Knight,73
1042,Cedric Ceballos,78
1043,Alaa Abdelnaby,82
1044,Lionel Simmons,79
1045,Travis Mays,74
1046,Tony Dawson,79
1047,Duane Causwell,84
1048,Rick Calloway,78
1049,Anthony Bonner,80
1050,Dwayne Schintzius,85
1051,Tony Massenburg,81
1052,Sean Higgins,81
1053,Andy Toolson,78
1054,Walter Palmer,85
1055,Dan O'Sullivan,82
1056,Chris Munk,81
1057,Jeff Malone,76
1058,Rodney Monroe,75
1059,Paul Graham,78
1060,Stacey Augmon,80
1061,Rick Fox,79
1062,Doug Lee,77
1063,Kenny Anderson,72
1064,Mark Randall,80
1065,Elliot Perry,72
1066,Kevin Lynch,77
1067,Larry Johnson,78
1068,Cedric Hunter,72
1069,Bobby Phills,77
1070,Jimmy Oliver,77
1071,Terrell Brandon,71
1072,João Vianna,81
1073,Doug Smith,82
1074,Tracy Moore,76
1075,Mike Iuzzolino,70
1076,Brian Howard,78
1077,Donald Hodge,84
1078,Dikembe Mutombo,86
1079,Mark Macon,77
1080,Kevin Brooks,78
1081,Charles Thomas,75
1082,Billy Owens,80
1083,Chris Gatling,82
1084,Victor Alexander,81
1085,John Turner,80
1086,Carl Herrera,81
1087,Sean Green,77
1088,Dale Davis,83
1089,Tharon Mayes,75
1090,LeRon Ellis,81
1091,Keith Owens,79
1092,Demetrius Calip,73
1093,Luc Longley,86
1094,Myron Brown,75
1095,Steve Smith,79
1096,Patrick Eddie,83
1097,Greg Anthony,72
1098,Rich King,86
1099,Marty Conlon,82
1100,Stephen Thompson,76
1101,Stanley Roberts,84
1102,Bison Dele,81
1103,Chris Corchiani,72
1104,Lamont Strothers,76
1105,Robert Pack,74
1106,Carl Thomas,76
1107,Pete Chilcutt,82
1108,Randy Brown,74
1109,Greg Sutton,74
1110,Tom Copa,82
1111,Steve Bardo,77
1112,Eric Murdock,73
1113,Corey Crowder,77
1114,David Benoit,80
1115,Isaac Austin,82
1116,Andre Spencer,78
1117,Adam Keefe,81
1118,Greg Foster,83
1119,Derek Strong,80
1120,Anthony Pullard,82
1121,Lee Mayberry,73
1122,Todd Day,78
1123,Jon Barry,76
1124,Anthony Avent,81
1125,Lorenzo Williams,81
1126,Marcus Webb,81
1127,Corey Williams,74
1128,Jo Jo English,76
1129,Joe Courtney,80
1130,Ricky Blanton,79
1131,Alonzo Mourning,82
1132,Tom Hammonds,81
1133,Tony Bennett,72
1134,Jay Guidinger,82
1135,Sean Rooks,82
1136,Jim Jackson,78
1137,Radisav Ćurčić,82
1138,Dexter Cambridge,79
1139,Walter Bond,77
1140,Robert Werdann,83
1141,Bryant Stith,77
1142,LaPhonso Ellis,80
1143,Melvin Newbern,76
1144,Isaiah Morris,80
1145,Barry Stevens,77
1146,Latrell Sprewell,77
1147,Keith Jennings,67
1148,Byron Houston,77
1149,Pat Durham,79
1150,Robert Horry,81
1151,Malik Sealy,80
1152,Randy Woods,70
1153,John Williams,80
1154,Elmore Spencer,84
1155,Anthony Peeler,76
1156,Duane Cooper,73
1157,Doug Christie,78
1158,Alex Blackwell,78
1159,Gundars Vētra,78
1160,Chris Smith,75
1161,Marlon Maxey,80
1162,Christian Laettner,83
1163,Harold Miner,77
1164,Matt Geiger,84
1165,Hubert Davis,77
1166,Eric Anderson,81
1167,Shaquille O'Neal,85
1168,Litterial Green,73
1169,Clarence Weatherspoon,78
1170,Thomas Jordan,82
1171,Oliver Miller,81
1172,Richard Dumas,79
1173,Reggie Smith,82
1174,Tracy Murray,79
1175,Dave Johnson,79
1176,Walt Williams,80
1177,Matt Othick,74
1178,Sam Mack,79
1179,Lloyd Daniels,79
1180,Stephen Howard,81
1181,John Crotty,73
1182,Ricky Grace,73
1183,Doug Edwards,79
1184,Vin Baker,83
1185,Matt Wenstrom,85
1186,Dino Radja,83
1187,Acie Earl,82
1188,David Wesley,72
1189,Rex Walters,76
1190,P.J. Brown,83
1191,Toni Kukoč,82
1192,Corie Blount,81
1193,Scott Burrell,79
1194,Chris Mills,78
1195,Gerald Madkins,76
1196,Gary Alexander,79
1197,Darren Morningstar,82
1198,Jamal Mashburn,80
1199,Popeye Jones,80
1200,Lucious Harris,77
1201,Rodney Rogers,79
1202,Darnell Mee,77
1203,Adonis Jordan,71
1204,Lindsey Hunter,74
1205,Allan Houston,78
1206,Chris Webber,81
1207,Josh Grant,81
1208,Dell Demps,75
1209,Eric Riley,84
1210,Richard Petruška,82
1211,Chris Jent,79
1212,Sam Cassell,75
1213,Scott Haskin,83
1214,Antonio Davis,81
1215,Bo Outlaw,80
1216,Bob Martin,84
1217,Harold Ellis,77
1218,Terry Dehere,74
1219,Nick Van Exel,73
1220,George Lynch,80
1221,Reggie Jordan,76
1222,Antonio Harvey,83
1223,Isaiah Rider,77
1224,Stanley Jackson,75
1225,Andrés Guibert,82
1226,Brian Davis,79
1227,Chris King,80
1228,Ervin Johnson,83
1229,Alphonso Ford,73
1230,Keith Tower,83
1231,Anfernee Hardaway,79
1232,Geert Hammink,84
1233,Warren Kidd,81
1234,Greg Graham,76
1235,Bill Edwards,80
1236,Michael Curry,77
1237,Shawn Bradley,90
1238,Malcolm Mackey,81
1239,Skeeter Henry,79
1240,Kevin Thompson,83
1241,James Robinson,74
1242,Harvey Grant,80
1243,LaBradford Smith,75
1244,Mike Peplowski,82
1245,Bobby Hurley,72
1246,Evers Burns,80
1247,Chris Whitney,72
1248,Luther Wright,86
1249,Aaron Williams,81
1250,Bryon Russell,79
1251,Chad Gallagher,82
1252,Fred Vinson,76
1253,Tom Hovasse,80
1254,Sergei Bazarevich,74
1255,Glenn Robinson,79
1256,Eric Mobley,83
1257,Eric Montross,84
1258,Greg Minor,78
1259,James Blackwell,72
1260,Yinka Dare,84
1261,Chris Childs,75
1262,Dickey Simpkins,81
1263,Darrin Hancock,79
1264,Elmer Bennett,72
1265,Jason Kidd,76
1266,Tony Dumas,78
1267,Reggie Slater,79
1268,Jalen Rose,80
1269,Eldridge Recasner,75
1270,Ivano Newbill,81
1271,Grant Hill,80
1272,Bill Curley,81
1273,Clifford Rozier,83
1274,Carlos Rogers,83
1275,Dwayne Morton,79
1276,Donyell Marshall,81
1277,Ryan Lorthridge,76
1278,Tom Gugliotta,82
1279,Žan Tabak,84
1280,Tim Breaux,79
1281,Mark Strickland,81
1282,Eric Piatkowski,79
1283,Lamond Murray,79
1284,Matt Fish,83
1285,Anthony Miller,81
1286,Eddie Jones,78
1287,Darrick Martin,71
1288,Askia Jones,77
1289,Howard Eisley,74
1290,Khalid Reeves,75
1291,Ledell Eackles,77
1292,Monty Williams,80
1293,Charlie Ward,74
1294,Dontonio Wingfield,80
1295,Brooks Thompson,76
1296,Darrell Armstrong,72
1297,Sharone Wright,83
1298,B.J. Tyler,73
1299,Jerome Harmon,76
1300,Derrick Alston,83
1301,Aaron Swinson,77
1302,Trevor Ruffin,73
1303,Wesley Person,78
1304,Antonio Lang,80
1305,Aaron McKie,77
1306,Derrick Phelps,76
1307,Brian Grant,81
1308,Julius Nwosu,82
1309,Jamie Watson,79
1310,Howard Nathan,71
1311,Todd Mundt,84
1312,Alan Henderson,81
1313,Donnie Boyce,77
1314,Shawn Respert,73
1315,Eric Williams,80
1316,Larry Sykes,81
1317,Thomas Hamilton,86
1318,Charles Claxton,84
1319,Junior Burrough,80
1320,Ed O'Bannon,80
1321,Jason Caffey,80
1322,George Zídek,84
1323,Anthony Goldwire,73
1324,Corey Beck,73
1325,Bob Sura,77
1326,Donny Marshall,79
1327,Darryl Johnson,73
1328,John Amaechi,82
1329,Cherokee Parks,83
1330,Loren Meyer,82
1331,Doug Overton,75
1332,Antonio McDyess,81
1333,Don MacLean,82
1334,Rastko Cvetković,85
1335,Lou Roe,79
1336,Don Reid,80
1337,Theo Ratliff,82
1338,Joe Smith,82
1339,Andrew DeClercq,82
1340,Robert Churchwell,78
1341,Alvin Heggs,80
1342,Melvin Booker,73
1343,Fred Hoiberg,76
1344,Travis Best,71
1345,Logan Vander Velden,80
1346,Brent Barry,78
1347,Frankie King,73
1348,Kevin Garnett,83
1349,Marques Bragg,80
1350,Jerome Allen,76
1351,Bryant Reeves,84
1352,Lawrence Moten,77
1353,Cuonzo Martin,77
1354,Rich Manning,83
1355,Ashraf Amaya,80
1356,Kurt Thomas,81
1357,Terrence Rencher,75
1358,Voshon Lenard,76
1359,Sasha Danilović,77
1360,Eric Snow,75
1361,Sherell Ford,79
1362,David Vaughn,81
1363,Jerry Stackhouse,78
1364,Stefano Rusconi,81
1365,Michael Finley,79
1366,John Coker,84
1367,Chris Carr,77
1368,Mario Bennett,78
1369,Gary Trent,80
1370,Arvydas Sabonis,87
1371,Randolph Childress,74
1372,Corliss Williamson,79
1373,Clint McDaniel,76
1374,Tyus Edney,70
1375,Cory Alexander,73
1376,Dwayne Whitfield,81
1377,Damon Stoudamire,70
1378,Martin Lewis,77
1379,Jimmy King,77
1380,Vincenzo Esposito,75
1381,Greg Ostertag,86
1382,Priest Lauderdale,88
1383,Jimmy Carruth,82
1384,Ray Allen,77
1385,Antoine Walker,80
1386,Brett Szabo,83
1387,Michael Hawkins,72
1388,Steve Hamer,84
1389,Nate Driggers,77
1390,Kerry Kittles,77
1391,Evric Gray,79
1392,Matt Steigenga,79
1393,Malik Rose,79
1394,Jamie Feick,81
1395,Tony Delk,73
1396,Shawnelle Scott,82
1397,Vitaly Potapenko,82
1398,Reggie Geary,74
1399,Samaki Walker,81
1400,Erick Strickland,75
1401,Stevin Smith,74
1402,Jason Sasser,79
1403,Martin Müürsepp,81
1404,Jeff McInnis,76
1405,Darvin Ham,79
1406,Jerome Williams,81
1407,Ray Owes,81
1408,Todd Fuller,83
1409,Joe Stephens,79
1410,Brent Price,73
1411,Matt Maloney,75
1412,Randy Livingston,76
1413,Othella Harrington,81
1414,Emanual Davis,76
1415,Brent Scott,82
1416,Erick Dampier,83
1417,Lorenzen Wright,83
1418,Travis Knight,84
1419,Derek Fisher,73
1420,Kobe Bryant,78
1421,Stephon Marbury,74
1422,Shane Heal,72
1423,Dean Garrett,82
1424,Roy Rogers,82
1425,Chris Robinson,77
1426,Moochie Norris,73
1427,Shareef Abdur-Rahim,81
1428,James Scott,78
1429,Bruce Bowen,79
1430,John Wallace,80
1431,Walter McCarty,82
1432,Larry Stewart,80
1433,Jim McIlvaine,85
1434,Amal McCaskill,83
1435,Brian Evans,80
1436,Allen Iverson,72
1437,Mark Hendrickson,81
1438,Mark Bradtke,82
1439,Steve Nash,75
1440,Horacio Llamas Grey,83
1441,Ben Davis,81
1442,Dexter Boney,76
1443,Aleksandar Đorđević,74
1444,Rasheed Wallace,82
1445,Jermaine O'Neal,83
1446,Ruben Nembhard,75
1447,Mitchell Butler,77
1448,Marcus Brown,75
1449,Kevin Salvadori,84
1450,Devin Gray,79
1451,Gaylon Nickerson,75
1452,Donald Whiteside,70
1453,Marcus Camby,83
1454,Shandon Anderson,78
1455,Ed Gray,75
1456,Chris Crawford,81
1457,Drew Barry,77
1458,Jeff Nordgaard,79
1459,Jerald Honeycutt,81
1460,John Thomas,81
1461,Ron Mercer,79
1462,Dontae' Jones,80
1463,Reggie Hanson,80
1464,Chauncey Billups,75
1465,Keith Van Horn,82
1466,Rusty LaRue,74
1467,Keith Booth,78
1468,Travis Williams,78
1469,Michael McDonald,82
1470,Tony Farmer,81
1471,Brevin Knight,70
1472,Zydrunas Ilgauskas,87
1473,Derek Anderson,77
1474,Bubba Wells,77
1475,Kevin Ollie,76
1476,Chris Anstey,84
1477,Eric Washington,76
1478,Bobby Jackson,73
1479,Kiwane Garris,74
1480,Danny Fortson,79
1481,Tony Battie,83
1482,Scot Pollard,83
1483,Charles O'Bannon,77
1484,Brandon Williams,78
1485,Adonal Foyle,82
1486,Rodrick Rhodes,78
1487,Mark Pope,82
1488,Austin Croshere,81
1489,Etdrick Bohannon,81
1490,Maurice Taylor,81
1491,James Collins,76
1492,Keith Closs,87
1493,Shea Seals,77
1494,DeJuan Wheat,72
1495,Antonio Daniels,76
1496,James Cotton,77
1497,Johnny Taylor,81
1498,Jason Lawson,83
1499,Tim Thomas,82
1500,Kebu Stewart,80
1501,Anthony Parker,78
1502,William Cunningham,83
1503,Marko Milič,78
1504,Alvin Williams,77
1505,Kelvin Cato,83
1506,Rick Brunson,76
1507,Michael Stewart,82
1508,Anthony Johnson,75
1509,Derek Grimm,81
1510,Lawrence Funderburke,81
1511,Tariq Abdul-Wahad,78
1512,Tim Duncan,83
1513,Ed Stokes,84
1514,Tracy McGrady,80
1515,Chris Garner,70
1516,Jacque Vaughn,73
1517,Troy Hudson,73
1518,Ben Wallace,81
1519,God Shammgod,72
1520,Juwan Howard,81
1521,Calbert Cheaney,79
1522,Shammond Williams,73
1523,Jeff Sheppard,75
1524,Roshown McLeod,80
1525,Robert Traylor,80
1526,Paul Grant,84
1527,Paul Pierce,79
1528,Damon Jones,75
1529,Marlon Garnett,74
1530,Gheorghe Mureșan,91
1531,Earl Boykins,65
1532,Kornél Dávid,81
1533,Cory Carr,75
1534,Corey Benjamin,78
1535,Brad Miller,83
1536,Ricky Davis,78
1537,Ryan Stack,83
1538,Bruno Šundov,86
1539,Dirk Nowitzki,84
1540,Tyson Wheeler,70
1541,Kelly McCarty,79
1542,Raef LaFrentz,83
1543,Keon Clark,83
1544,Korleone Young,79
1545,Mikki Moore,83
1546,Antawn Jamison,80
1547,Cuttino Mobley,76
1548,Bryce Drew,74
1549,Michael Dickerson,77
1550,Al Harrington,81
1551,Brian Skinner,81
1552,Michael Olowokandi,84
1553,Tyrone Nesby,78
1554,Ruben Patterson,77
1555,Tyronn Lue,72
1556,Sam Jacobson,76
1557,Trevor Winter,84
1558,Andrae Patterson,81
1559,Rasho Nesterović,84
1560,Makhtar N'Diaye,80
1561,Felipe López,77
1562,J.R. Henderson,80
1563,Mike Bibby,73
1564,Vladimir Stepania,84
1565,Jelani McCoy,82
1566,Rashard Lewis,82
1567,Miles Simon,75
1568,Jonathan Kerner,83
1569,Matt Harpring,79
1570,Michael Doleac,83
1571,Casey Shaw,83
1572,Nazr Mohammed,82
1573,Larry Hughes,77
1574,Alvin Sims,76
1575,Pat Garrity,81
1576,Gerald Brown,76
1577,Toby Bailey,78
1578,Bonzi Wells,77
1579,Jason Williams,73
1580,Peja Stojaković,82
1581,Jerome James,84
1582,Peter Aluma,82
1583,Gerard King,81
1584,Andrew Gaze,79
1585,Sean Marks,82
1586,Vince Carter,78
1587,LaMark Baker,73
1588,Jahidi White,81
1589,Randell Jackson,83
1590,Jason Terry,74
1591,Dion Glover,77
1592,Cal Bowdler,82
1593,Mirsad Türkcan,81
1594,Rafer Alston,74
1595,Wayne Turner,74
1596,Jamel Thomas,78
1597,Adrian Griffin,77
1598,Evan Eschmeyer,83
1599,Metta World Peace,78
1600,Dedric Willoughby,75
1601,Michael Ruffin,81
1602,Lari Ketner,81
1603,Elton Brand,80
1604,Eddie Robinson,80
1605,Jason Miskiri,74
1606,Derek Hood,80
1607,Baron Davis,75
1608,Andre Miller,75
1609,Trajan Langdon,75
1610,A.J. Bramlett,82
1611,Rick Hughes,81
1612,Greg Buckner,76
1613,James Posey,80
1614,Chris Herren,74
1615,Ryan Bowen,79
1616,Jermaine Jackson,76
1617,Tim Young,84
1618,Vonteego Cummings,75
1619,Kenny Thomas,79
1620,Steve Francis,75
1621,Jeff Foster,83
1622,Jonathan Bender,83
1623,Lamar Odom,82
1624,Devean George,80
1625,John Celestand,76
1626,Wally Szczerbiak,79
1627,William Avery,74
1628,Milt Palacio,75
1629,Obinna Ekezie,81
1630,Harold Jamison,80
1631,Tim James,79
1632,Anthony Carter,73
1633,Rodney Buford,77
1634,DeMarco Johnson,81
1635,Lazaro Borrell,80
1636,Corey Maggette,78
1637,Chucky Atkins,71
1638,Todd MacCulloch,84
1639,Jumaine Jones,80
1640,Ira Bowman,77
1641,Shawn Marion,79
1642,Ryan Robertson,77
1643,Derrick Dial,76
1644,Aleksandar Radojević,87
1645,Scott Padgett,81
1646,Quincy Lewis,79
1647,Laron Profit,77
1648,Richard Hamilton,78
1649,Calvin Booth,83
1650,Pepe Sánchez,76
1651,Andy Panko,81
1652,Hanno Möttölä,83
1653,DerMarr Johnson,81
1654,Sean Colson,72
1655,Michael Redd,78
1656,Joel Przybilla,85
1657,Jason Hart,75
1658,Jérôme Moïso,82
1659,Mark Blount,84
1660,Soumaila Samake,84
1661,Kenyon Martin,81
1662,Stephen Jackson,80
1663,Eddie Gill,72
1664,Jake Voskuhl,83
1665,Dragan Tarlać,82
1666,A.J. Guyton,73
1667,Steve Goodrich,82
1668,Marcus Fizer,81
1669,Khalid El-Amin,70
1670,Jamal Crawford,77
1671,Dalibor Bagarić,85
1672,Terrance Roberson,79
1673,Lee Nailon,81
1674,Jamaal Magloire,83
1675,Chris Mihm,84
1676,Wang Zhizhi,84
1677,Eduardo Nájera,80
1678,Donnell Harvey,80
1679,Courtney Alexander,77
1680,Dan McClintock,84
1681,Garth Joseph,86
1682,Mateen Cleaves,74
1683,Brian Cardinal,80
1684,Chris Porter,79
1685,Paul McPherson,76
1686,Marc Jackson,82
1687,Rubén Garcés,81
1688,Dan Langhi,83
1689,Jason Collier,84
1690,Quentin Richardson,78
1691,Darius Miles,81
1692,Zendon Hamilton,83
1693,Keyon Dooling,75
1694,Mike Penberthy,75
1695,Stanislav Medvedenko,82
1696,Mark Madsen,81
1697,Stromile Swift,81
1698,Jamal Robinson,79
1699,Eddie House,73
1700,Lavor Postell,77
1701,Rubén Wolkowyski,82
1702,Olumide Oyedeji,82
1703,Desmond Mason,79
1704,Mike Miller,80
1705,Raja Bell,77
1706,Jake Tsakalidis,86
1707,Daniel Santiago,85
1708,Erick Barkley,73
1709,Hedo Türkoğlu,82
1710,Jabari Smith,83
1711,Art Long,81
1712,Ira Newble,79
1713,Morris Peterson,79
1714,Mamadou N'Diaye,84
1715,DeShawn Stevenson,77
1716,David Vanterpool,77
1717,Mike Smith,80
1718,Leon Smith,82
1719,Joe Johnson,79
1720,Joseph Forte,76
1721,Kedrick Brown,79
1722,Brian Scalabrine,81
1723,Richard Jefferson,79
1724,Jason Collins,84
1725,Brandon Armstrong,77
1726,Norm Richardson,77
1727,Trenton Hassell,77
1728,Eddy Curry,84
1729,Tyson Chandler,84
1730,Kirk Haston,81
1731,Jeff Trepagnier,76
1732,DeSagana Diop,84
1733,Charlie Bell,75
1734,Kenny Satterfield,74
1735,Mengke Bateer,83
1736,Carlos Arroyo,74
1737,Chris Andersen,82
1738,Rodney White,81
1739,Ratko Varda,85
1740,Željko Rebrača,84
1741,Jason Richardson,78
1742,Dean Oliver,71
1743,Troy Murphy,83
1744,Gilbert Arenas,75
1745,Óscar Torres,78
1746,Terence Morris,81
1747,Eddie Griffin,82
1748,Tierre Brown,74
1749,Jamaal Tinsley,75
1750,Primož Brezec,86
1751,Jamison Brewer,76
1752,Tremaine Fowlkes,80
1753,Joe Crispin,72
1754,Loren Woods,85
1755,Maurice Evans,77
1756,Will Solomon,73
1757,Pau Gasol,84
1758,Antonis Fotsis,82
1759,Isaac Fontaine,76
1760,Shane Battier,80
1761,Mike James,74
1762,Tang Hamilton,80
1763,Ernest Brown,84
1764,Malik Allen,82
1765,Earl Watson,73
1766,Ansu Sesay,81
1767,Vladimir Radmanović,82
1768,Predrag Drobnjak,83
1769,Jeryl Sasser,78
1770,Steven Hunter,84
1771,Alvin Jones,83
1772,Samuel Dalembert,83
1773,Speedy Claxton,71
1774,Damone Brown,81
1775,Alton Ford,81
1776,Zach Randolph,81
1777,Ruben Boumtje-Boumtje,84
1778,Gerald Wallace,79
1779,Tony Parker,74
1780,Michael Bradley,82
1781,Andrei Kirilenko,81
1782,Jarron Collins,83
1783,Etan Thomas,81
1784,Bobby Simmons,79
1785,Brendan Haywood,84
1786,Kwame Brown,83
1787,Mike Wilks,70
1788,Paul Shirley,82
1789,Dan Dickau,72
1790,Jamal Sampson,83
1791,Ronald Murray,76
1792,Marcus Haislip,82
1793,Dan Gadzuric,83
1794,J.R. Bremer,74
1795,Tamar Slay,80
1796,Jay Williams,74
1797,Roger Mason,77
1798,Lonny Baxter,80
1799,Dajuan Wagner,74
1800,Smush Parker,76
1801,Carlos Boozer,81
1802,Antoine Rigaudeau,79
1803,Adam Harrington,77
1804,Vincent Yarbrough,79
1805,Nikoloz Tskitishvili,84
1806,Predrag Savović,78
1807,Nenê Hilário,83
1808,Junior Harrington,76
1809,Devin Brown,77
1810,Tayshaun Prince,81
1811,Mehmet Okur,83
1812,Jiří Welsch,79
1813,Guy Rucker,83
1814,Boštjan Nachbar,81
1815,Yao Ming,90
1816,Tito Maddox,76
1817,Juaquin Hawkins,79
1818,Fred Jones,76
1819,Chris Wilcox,82
1820,Marko Jarić,79
1821,Melvin Ely,82
1822,Kareem Rush,78
1823,Jannero Pargo,73
1824,Igor Rakočević,75
1825,Cezary Trybański,86
1826,Chris Owens,79
1827,Ryan Humphrey,80
1828,Drew Gooden,82
1829,Gordan Giriček,78
1830,Mike Batiste,80
1831,Robert Archibald,83
1832,Sean Lampley,79
1833,Rasual Butler,79
1834,Caron Butler,79
1835,Frank Williams,75
1836,Reggie Evans,80
1837,Pat Burke,83
1838,John Salmons,79
1839,Efthimi Rentzias,83
1840,Amar'e Stoudemire,82
1841,Casey Jacobsen,78
1842,Qyntel Woods,80
1843,Manu Ginóbili,78
1844,Chris Jefferies,80
1845,Nate Huffman,85
1846,Maceo Baston,81
1847,Jared Jeffries,83
1848,Juan Dixon,75
1849,Travis Hansen,78
1850,Hiram Fuller,81
1851,Boris Diaw,80
1852,Josh Davis,80
1853,T.J. Ford,72
1854,Kendrick Perkins,82
1855,Brandon Hunter,79
1856,Marcus Banks,74
1857,Zoran Planinić,79
1858,Linton Johnson,80
1859,Kirk Hinrich,76
1860,Ronald Dupree,79
1861,Jason Kapono,80
1862,LeBron James,81
1863,Josh Howard,79
1864,Marquis Daniels,78
1865,Francisco Elson,84
1866,Carmelo Anthony,80
1867,Darko Miličić,84
1868,Mickaël Piétrus,78
1869,Torraye Braggs,80
1870,James Jones,80
1871,Chris Kaman,84
1872,Matt Barnes,79
1873,Luke Walton,80
1874,Ime Udoka,78
1875,Brian Cook,81
1876,Maurice Carter,77
1877,Keith McLeod,74
1878,Ndudi Ebi,81
1879,Theron Smith,80
1880,Dahntay Jones,78
1881,Troy Bell,73
1882,Dwyane Wade,76
1883,Kirk Penney,77
1884,Udonis Haslem,80
1885,Jerome Beasley,82
1886,David West,81
1887,Mike Sweetney,80
1888,Luke Ridnour,74
1889,Richie Frahm,77
1890,Desmond Penigar,79
1891,Zaza Pachulia,83
1892,Britton Johnsen,82
1893,Reece Gaines,78
1894,Keith Bogans,77
1895,Kyle Korver,79
1896,Willie Green,76
1897,Maciej Lampe,83
1898,Žarko Čabarkapa,83
1899,Leandro Barbosa,75
1900,Slavko Vraneš,89
1901,Travis Outlaw,81
1902,Desmond Ferguson,79
1903,Kaniel Dickens,80
1904,Omar Cook,73
1905,Matt Carroll,78
1906,Darius Songaila,81
1907,Alex Garcia,75
1908,Chris Bosh,83
1909,Mo Williams,73
1910,Sasha Pavlović,80
1911,Raül López,73
1912,Ben Handlogten,82
1913,Curtis Borchardt,84
1914,Jarvis Hayes,79
1915,Steve Blake,75
1916,James Thomas,80
1917,Josh Smith,81
1918,Donta Smith,79
1919,Royal Ivey,75
1920,Josh Childress,80
1921,Delonte West,76
1922,Justin Reed,80
1923,Al Jefferson,82
1924,Tony Allen,76
1925,Billy Thomas,76
1926,Awvee Storey,78
1927,Nenad Krstić,84
1928,Jared Reiner,83
1929,Andrés Nocioni,79
1930,Ben Gordon,75
1931,Chris Duhon,73
1932,Luol Deng,81
1933,Bernard Robinson,78
1934,Emeka Okafor,82
1935,Anderson Varejão,82
1936,Luke Jackson,79
1937,Pavel Podkolzin,89
1938,Didier Ilunga-Mbenga,84
1939,Devin Harris,75
1940,Luis Flores,74
1941,Horace Jenkins,73
1942,Carlos Delfino,78
1943,Andris Biedriņš,83
1944,Brandin Knight,72
1945,Andre Barrett,70
1946,David Harrison,84
1947,John Edwards,84
1948,Quinton Ross,78
1949,Shaun Livingston,79
1950,Lionel Chalmers,72
1951,Maurice Baker,73
1952,Sasha Vujačić,79
1953,Tony Bobbitt,76
1954,Andre Emmett,77
1955,Antonio Burks,73
1956,Dorell Wright,81
1957,Jackson Vroman,82
1958,J.R. Smith,78
1959,Matt Freije,82
1960,Corsley Edwards,81
1961,Jackie Butler,82
1962,Trevor Ariza,80
1963,Damien Wilkins,78
1964,Robert Swift,84
1965,Ibo Kutluay,78
1966,Nick Collison,82
1967,Jameer Nelson,72
1968,Mario Kasun,85
1969,Dwight Howard,82
1970,Andre Iguodala,78
1971,Yuta Tabuse,69
1972,Sebastian Telfair,72
1973,Ha Seung-Jin,87
1974,Viktor Khryapa,81
1975,Geno Carlisle,75
1976,Kevin Martin,79
1977,Erik Daniels,80
1978,Beno Udrih,75
1979,Pape Sow,82
1980,Matt Bonner,82
1981,Rafael Araújo,83
1982,Kirk Snyder,78
1983,Kris Humphries,81
1984,Peter John Ramos,87
1985,Marvin Williams,80
1986,Salim Stoudamire,73
1987,Anthony Grundy,75
1988,Esteban Batista,82
1989,Andrew Bogut,84
1990,Dwayne Jones,83
1991,Orien Greene,76
1992,Gerald Green,78
1993,Ryan Gomes,79
1994,Derrick Zimmerman,75
1995,Antoine Wright,79
1996,Luke Schenscher,85
1997,Randy Holcomb,81
1998,Stephen Graham,78
1999,Eddie Basden,77
2000,Sean May,81
2001,Raymond Felton,73
2002,Kevin Burleson,75
2003,Alan Anderson,78
2004,Martynas Andriuškevičius,86
2005,Josh Powell,81
2006,Rawle Marshall,81
2007,Linas Kleiza,80
2008,Julius Hodge,79
2009,Jason Maxiell,79
2010,Amir Johnson,81
2011,Alex Acker,77
2012,Chris Taft,82
2013,Aaron Miles,73
2014,Monta Ellis,75
2015,Ike Diogu,80
2016,Will Bynum,72
2017,John Lucas III,71
2018,Luther Head,75
2019,Chuck Hayes,78
2020,Šarūnas Jasikevičius,76
2021,Danny Granger,81
2022,James Singleton,80
2023,Boniface N'Dong,84
2024,Yaroslav Korolev,81
2025,Daniel Ewing,75
2026,Von Wafer,77
2027,Ronny Turiaf,82
2028,Devin Green,79
2029,Andrew Bynum,84
2030,Bracey Wright,75
2031,Rashad McCants,76
2032,Hakim Warrick,81
2033,Lawrence Roberts,81
2034,Anthony Roberson,74
2035,Matt Walsh,78
2036,Wayne Simien,81
2037,Gerald Fitch,75
2038,Earl Barron,84
2039,Chris Paul,73
2040,Arvydas Macijauskas,76
2041,Brandon Bass,80
2042,Nate Robinson,69
2043,David Lee,81
2044,Channing Frye,84
2045,Johan Petro,84
2046,Noel Felix,81
2047,Travis Diener,73
2048,Lou Williams,73
2049,Shavlik Randolph,82
2050,Deng Gai,81
2051,Dijon Thompson,79
2052,Sharrod Ford,81
2053,Martell Webster,79
2054,Sergei Monia,80
2055,Jarrett Jack,75
2056,Ronnie Price,74
2057,Francisco García,79
2058,Alex Scales,76
2059,Melvin Sanders,77
2060,Fabricio Oberto,82
2061,Charlie Villanueva,83
2062,Joey Graham,79
2063,José Calderón,75
2064,Deron Williams,75
2065,Robert Whaley,82
2066,Andre Owens,76
2067,C.J. Miles,78
2068,Donell Taylor,78
2069,Andray Blatche,83
2070,Shelden Williams,81
2071,Jeremy Richardson,78
2072,Solomon Jones,82
2073,Cedric Bozeman,78
2074,David Noel,78
2075,Chris McCray,77
2076,Damir Markota,82
2077,Ersan İlyasova,81
2078,Lynn Greer,74
2079,Rajon Rondo,73
2080,Allan Ray,74
2081,Leon Powe,80
2082,Kevinn Pinkney,82
2083,Marcus Williams,75
2084,Mile Ilić,85
2085,Josh Boone,82
2086,Hassan Adams,76
2087,Tyrus Thomas,81
2088,Thabo Sefolosha,78
2089,Adam Morrison,80
2090,Ryan Hollins,84
2091,Walter Herrmann,81
2092,Daniel Gibson,74
2093,Shannon Brown,76
2094,Pops Mensah-Bonsu,81
2095,J.J. Barea,70
2096,Maurice Ager,77
2097,Yakhouba Diawara,79
2098,Will Blalock,72
2099,Patrick O'Bryant,84
2100,Renaldo Major,79
2101,Kelenna Azubuike,77
2102,Vassilis Spanoulis,76
2103,Steve Novak,82
2104,Shawne Williams,81
2105,Paul Davis,83
2106,Will Conroy,74
2107,Jordan Farmar,74
2108,Craig Smith,79
2109,Randy Foye,76
2110,Kyle Lowry,72
2111,Tarence Kinsey,78
2112,Alexander Johnson,81
2113,Rudy Gay,80
2114,Chris Quinn,74
2115,Robert Hite,74
2116,Marcus Vinicius,80
2117,Cedric Simmons,81
2118,Hilton Armstrong,83
2119,Randolph Morris,82
2120,Mardy Collins,78
2121,Renaldo Balkman,80
2122,Mouhamed Sene,83
2123,Andreas Glyniadakis,85
2124,Mickaël Gelabale,79
2125,Desmon Farmer,77
2126,Andre Brown,81
2127,J.J. Redick,75
2128,James Augustine,82
2129,Steven Smith,80
2130,Ivan McFarlin,80
2131,Rodney Carney,79
2132,Lou Amundson,81
2133,Brandon Roy,78
2134,Sergio Rodríguez,75
2135,LaMarcus Aldridge,83
2136,Justin Williams,82
2137,Quincy Douby,75
2138,James White,79
2139,P.J. Tucker,77
2140,Uroš Slokar,82
2141,Jorge Garbajosa,81
2142,Andrea Bargnani,84
2143,Roger Powell,78
2144,Paul Millsap,79
2145,Ronnie Brewer,79
2146,James Lang,82
2147,Mike Hall,80
2148,Mario West,77
2149,Acie Law,75
2150,Al Horford,81
2151,Ramon Sessions,75
2152,Yi Jianlian,84
2153,Gabe Pruitt,76
2154,Glen Davis,81
2155,Sean Williams,82
2156,Joakim Noah,83
2157,Demetris Nichols,80
2158,Aaron Gray,84
2159,Thomas Gardner,77
2160,Jared Dudley,78
2161,Jermareo Davidson,82
2162,Lance Allred,83
2163,Nick Fazekas,83
2164,Taurean Green,72
2165,Rodney Stuckey,77
2166,Cheikh Samb,85
2167,Arron Afflalo,77
2168,Brandan Wright,82
2169,C.J. Watson,74
2170,Kosta Perović,86
2171,Stéphane Lasme,80
2172,Marco Belinelli,77
2173,Luis Scola,81
2174,Carl Landry,81
2175,Mike Harris,78
2176,Aaron Brooks,72
2177,Courtney Sims,82
2178,Al Thornton,80
2179,Guillermo Díaz,74
2180,Coby Karl,77
2181,Javaris Crittenton,77
2182,Chris Richard,81
2183,Corey Brewer,81
2184,Juan Carlos Navarro,75
2185,Mike Conley,73
2186,Kasib Powell,79
2187,Daequan Cook,77
2188,Joel Anthony,81
2189,Blake Ahearn,74
2190,Julian Wright,80
2191,Wilson Chandler,80
2192,Jeff Green,80
2193,Kevin Durant,82
2194,Marcin Gortat,83
2195,Thaddeus Young,80
2196,Jason Smith,84
2197,Alando Tucker,78
2198,D.J. Strawberry,77
2199,Josh McRoberts,82
2200,Darryl Watkins,83
2201,Spencer Hawes,85
2202,Darius Washington,74
2203,Ian Mahinmi,83
2204,Keith Langford,76
2205,Jamario Moon,80
2206,Kyrylo Fesenko,85
2207,Morris Almond,78
2208,Nick Young,79
2209,Oleksiy Pecherov,84
2210,Dominic McGuire,81
2211,Othello Hunter,80
2212,Luc Mbah a Moute,80
2213,Joe Alexander,80
2214,Henry Walker,78
2215,J.R. Giddens,77
2216,Brook Lopez,84
2217,Chris Douglas-Roberts,79
2218,Ryan Anderson,81
2219,Derrick Rose,74
2220,Sean Singletary,72
2221,Cartier Martin,79
2222,Dontell Jefferson,77
2223,D.J. Augustin,71
2224,Alexis Ajinça,86
2225,Jawad Williams,81
2226,Trey Johnson,77
2227,Darnell Jackson,81
2228,J.J. Hickson,81
2229,Sonny Weems,78
2230,Walter Sharpe,81
2231,Anthony Randolph,82
2232,DeMarcus Nelson,76
2233,Anthony Morrow,77
2234,Rob Kurz,81
2235,Joey Dorsey,80
2236,Brandon Rush,78
2237,Roy Hibbert,86
2238,Mike Taylor,74
2239,DeAndre Jordan,83
2240,Eric Gordon,75
2241,Sun Yue,81
2242,Kevin Love,80
2243,Bobby Brown,74
2244,O.J. Mayo,77
2245,Hamed Haddadi,86
2246,Marc Gasol,83
2247,Darrell Arthur,81
2248,Mario Chalmers,74
2249,Michael Beasley,81
2250,Danilo Gallinari,82
2251,Joe Crawford,77
2252,D.J. White,81
2253,Russell Westbrook,75
2254,Kyle Weaver,78
2255,Steven Hill,84
2256,Courtney Lee,77
2257,Marreese Speights,82
2258,Robin Lopez,84
2259,Goran Dragić,75
2260,Greg Oden,84
2261,Rudy Fernández,78
2262,Jerryd Bayless,75
2263,Nicolas Batum,81
2264,Jason Thompson,83
2265,Donté Greene,83
2266,Anthony Tolliver,80
2267,George Hill,75
2268,Malik Hairston,78
2269,Roko Ukić,77
2270,Nathan Jawai,82
2271,Kosta Koufos,84
2272,JaVale McGee,84
2273,Jeff Teague,75
2274,Jodie Meeks,76
2275,Brandon Jennings,73
2276,Marcus Landry,79
2277,Oliver Lafayette,74
2278,Lester Hudson,75
2279,Terrence Williams,78
2280,James Johnson,79
2281,Taj Gibson,81
2282,Derrick Brown,79
2283,Cedric Jackson,75
2284,Danny Green,78
2285,Rodrigue Beaubois,72
2286,Ty Lawson,71
2287,DaJuan Summers,80
2288,Jonas Jerebko,82
2289,Austin Daye,83
2290,Chris Hunter,83
2291,Stephen Curry,75
2292,Garrett Temple,77
2293,Jermaine Taylor,76
2294,Jordan Hill,82
2295,Chase Budinger,79
2296,David Andersen,83
2297,A.J. Price,74
2298,Tyler Hansbrough,81
2299,JamesOn Curry,75
2300,Jonny Flynn,72
2301,Wayne Ellington,76
2302,Sam Young,78
2303,Hasheem Thabeet,87
2304,Trey Gilder,81
2305,DeMarre Carroll,78
2306,Marcus Thornton,76
2307,Darren Collison,72
2308,Toney Douglas,74
2309,Byron Mullens,84
2310,Eric Maynor,75
2311,Serge Ibaka,84
2312,James Harden,77
2313,Antonio Anderson,78
2314,Jrue Holiday,75
2315,Taylor Griffin,79
2316,Earl Clark,82
2317,Patty Mills,73
2318,Dante Cunningham,80
2319,Jeff Ayres,81
2320,Tyreke Evans,78
2321,Omri Casspi,81
2322,Jon Brockman,79
2323,DeJuan Blair,79
2324,DeMar DeRozan,78
2325,Wesley Matthews,76
2326,Othyus Jeffers,77
2327,Sundiata Gaines,73
2328,Alonzo Gee,78
2329,Pape Sy,79
2330,Jordan Crawford,76
2331,Larry Sanders,83
2332,Chris Johnson,83
2333,Luke Harangody,80
2334,Semih Erden,84
2335,Avery Bradley,75
2336,Ben Uzoh,75
2337,Damion James,79
2338,Derrick Favors,81
2339,Ömer Aşık,84
2340,Sherron Collins,71
2341,Samardo Samuels,81
2342,Manny Harris,77
2343,Christian Eyenga,77
2344,Dominique Jones,76
2345,Timofey Mozgov,85
2346,Gary Forbes,79
2347,Greg Monroe,83
2348,Ekpe Udoh,82
2349,Jeremy Lin,75
2350,Jeff Adrien,79
2351,Ish Smith,72
2352,Patrick Patterson,80
2353,Lance Stephenson,78
2354,Paul George,80
2355,Willie Warren,76
2356,Blake Griffin,81
2357,Eric Bledsoe,73
2358,Al-Farouq Aminu,80
2359,Devin Ebanks,81
2360,Derrick Caracter,81
2361,Nikola Peković,83
2362,Wesley Johnson,79
2363,Lazar Hayward,78
2364,Greivis Vásquez,78
2365,Xavier Henry,78
2366,Dexter Pittman,83
2367,Quincy Pondexter,79
2368,Andy Rautins,76
2369,Landry Fields,79
2370,Cole Aldrich,83
2371,Evan Turner,78
2372,Craig Brackins,82
2373,Garret Siler,83
2374,Gani Lawal,81
2375,Zabian Dowdell,75
2376,Armon Johnson,75
2377,Luke Babbitt,81
2378,Hassan Whiteside,84
2379,Eugene Jeter,71
2380,DeMarcus Cousins,82
2381,Tiago Splitter,83
2382,Larry Owens,79
2383,Gary Neal,76
2384,James Anderson,78
2385,Ed Davis,81
2386,Solomon Alabi,85
2387,Gordon Hayward,79
2388,Jeremy Evans,81
2389,Marcus Cousin,83
2390,John Wall,76
2391,Mustafa Shakur,75
2392,Kevin Séraphin,81
2393,Hamady N'Diaye,84
2394,Trevor Booker,80
2395,Donald Sloan,75
2396,Ivan Johnson,80
2397,Jon Leuer,82
2398,Darington Hobson,79
2399,Tobias Harris,80
2400,Greg Stiemsma,83
2401,E'Twaun Moore,75
2402,JaJuan Johnson,82
2403,Jordan Williams,82
2404,Jerry Smith,74
2405,Dennis Horner,81
2406,MarShon Brooks,77
2407,Jimmy Butler,79
2408,Kemba Walker,72
2409,Cory Higgins,77
2410,Bismack Biyombo,80
2411,Tristan Thompson,81
2412,Mychel Thompson,78
2413,D.J. Kennedy,78
2414,Kyrie Irving,74
2415,Julyan Stone,78
2416,Jordan Hamilton,79
2417,Kenneth Faried,80
2418,Vernon Macklin,82
2419,Brandon Knight,74
2420,Chris Wright,80
2421,Jeremy Tyler,82
2422,Klay Thompson,78
2423,Charles Jenkins,75
2424,Mickell Gladness,83
2425,Keith Benson,83
2426,Greg Smith,82
2427,Chandler Parsons,81
2428,Marcus Morris,80
2429,Courtney Fortson,71
2430,Trey Thompkins,82
2431,Travis Leslie,76
2432,Darius Morris,76
2433,Andrew Goudelock,75
2434,Derrick Williams,80
2435,Ricky Rubio,75
2436,Malcolm Lee,77
2437,Josh Selby,74
2438,Jeremy Pargo,74
2439,Terrel Harris,77
2440,Norris Cole,74
2441,Lance Thomas,80
2442,Carldell Johnson,70
2443,Jeff Foote,84
2444,Jerome Dyson,75
2445,Gustavo Ayón,82
2446,Iman Shumpert,77
2447,Jerome Jordan,84
2448,Josh Harrellson,82
2449,Ryan Reid,80
2450,Reggie Jackson,75
2451,Daniel Orton,82
2452,DeAndre Liggins,78
2453,Justin Harper,82
2454,Nikola Vučević,83
2455,Xavier Silas,77
2456,Lavoy Allen,81
2457,Markieff Morris,80
2458,Elliot Williams,77
2459,Nolan Smith,74
2460,Isaiah Thomas,69
2461,Tyler Honeycutt,80
2462,Jimmer Fredette,74
2463,Malcolm Thomas,81
2464,Kawhi Leonard,79
2465,Cory Joseph,75
2466,Justin Dentmon,71
2467,Eric Dawson,81
2468,Derrick Byars,79
2469,Enes Kanter,82
2470,Alec Burks,78
2471,Jan Veselý,83
2472,Edwin Ubiles,78
2473,Chris Singleton,80
2474,Shelvin Mack,75
2475,Mike Scott,79
2476,John Jenkins,76
2477,Doron Lamb,76
2478,John Henson,81
2479,Jarvis Varnado,81
2480,Jared Sullinger,81
2481,Fab Melo,84
2482,Kris Joseph,79
2483,Mirza Teletović,81
2484,Tyshawn Taylor,75
2485,Tornike Shengelia,81
2486,Marquis Teague,74
2487,Jeffery Taylor,79
2488,Michael Kidd-Gilchrist,78
2489,Tyler Zeller,84
2490,Dion Waiters,75
2491,Kevin Jones,80
2492,Bernard James,82
2493,Jared Cunningham,76
2494,Jae Crowder,78
2495,Josh Akognon,71
2496,Quincy Miller,81
2497,Evan Fournier,79
2498,Kyle Singler,80
2499,Khris Middleton,79
2500,Viacheslav Kravtsov,84
2501,Kim English,78
2502,Andre Drummond,82
2503,Scott Machado,73
2504,Draymond Green,78
2505,Festus Ezeli,83
2506,Kent Bazemore,76
2507,Harrison Barnes,80
2508,Thomas Robinson,82
2509,Tim Ohlbrecht,83
2510,Donatas Motiejūnas,84
2511,Terrence Jones,81
2512,Patrick Beverley,73
2513,Miles Plumlee,83
2514,Orlando Johnson,77
2515,Ben Hansbrough,75
2516,Maalik Wayns,74
2517,Robert Sacre,84
2518,Darius Johnson-Odom,74
2519,Alexey Shved,78
2520,Tony Wroten,78
2521,Henry Sims,82
2522,Brian Roberts,73
2523,Austin Rivers,75
2524,Darius Miller,78
2525,Anthony Davis,82
2526,Pablo Prigioni,75
2527,Chris Copeland,81
2528,Jeremy Lamb,77
2529,Perry Jones,83
2530,Kyle O'Quinn,81
2531,Andrew Nicholson,81
2532,DeQuan Jones,80
2533,Maurice Harkless,79
2534,Arnett Moultrie,83
2535,Justin Holiday,78
2536,Luke Zeller,83
2537,Kendall Marshall,76
2538,Diante Garrett,76
2539,Damian Lillard,74
2540,Meyers Leonard,84
2541,Joel Freeland,82
2542,Victor Claver,81
2543,Will Barton,77
2544,Nando De Colo,77
2545,Aron Baynes,82
2546,Jonas Valančiūnas,83
2547,Terrence Ross,78
2548,Quincy Acy,79
2549,Kevin Murphy,77
2550,Bradley Beal,75
2551,Dennis Schröder,73
2552,James Nunnally,79
2553,Mike Muscala,82
2554,Pero Antić,83
2555,Nate Wolters,76
2556,D.J. Stephens,77
2557,Miroslav Raduljica,84
2558,Tony Mitchell,78
2559,Giannis Antetokounmpo,83
2560,Phil Pressey,71
2561,Kelly Olynyk,83
2562,Vítor Faverani,83
2563,Vander Blue,76
2564,Chris Babb,77
2565,Mason Plumlee,83
2566,Jorge Gutiérrez,75
2567,Tony Snell,78
2568,Erik Murphy,82
2569,Cody Zeller,84
2570,James Southerland,80
2571,Justin Hamilton,84
2572,Arinze Onuaku,81
2573,Sergey Karasev,79
2574,Scotty Hopson,79
2575,Carrick Felix,78
2576,Shane Edwards,79
2577,Matthew Dellavedova,75
2578,Seth Curry,74
2579,Anthony Bennett,80
2580,Gal Mekel,75
2581,Ricky Ledo,79
2582,Shane Larkin,71
2583,Peyton Siva,72
2584,Luigi Datome,80
2585,Kentavious Caldwell-Pope,77
2586,Nemanja Nedović,75
2587,Ognjen Kuzmić,85
2588,Dewayne Dedmon,84
2589,Troy Daniels,76
2590,Robert Covington,79
2591,Isaiah Canaan,72
2592,Solomon Hill,78
2593,Reggie Bullock,78
2594,Ryan Kelly,83
2595,Elias Harris,80
2596,Shabazz Muhammad,78
2597,Robbie Hummel,80
2598,Gorgui Dieng,82
2599,Jamaal Franklin,77
2600,Nick Calathes,78
2601,Jeff Withey,84
2602,Toure' Murry,77
2603,Andre Roberson,79
2604,Steven Adams,83
2605,Adonis Thomas,79
2606,Victor Oladipo,76
2607,Casper Ware,70
2608,Hollis Thompson,80
2609,Brandon Davies,82
2610,Michael Carter-Williams,77
2611,Lorenzo Brown,77
2612,Alex Len,84
2613,Archie Goodwin,77
2614,Dionte Christmas,77
2615,CJ McCollum,75
2616,Allen Crabbe,77
2617,Royce White,80
2618,Ben McLemore,75
2619,Ray McCallum,75
2620,Dwight Buycks,75
2621,Rudy Gobert,85
2622,Ian Clark,75
2623,Trey Burke,72
2624,Otto Porter,80
2625,Adreian Payne,82
2626,Jabari Parker,80
2627,Johnny O'Bryant,81
2628,Tyler Ennis,75
2629,James Young,78
2630,Marcus Smart,75
2631,Dwight Powell,82
2632,Cory Jefferson,81
2633,Markel Brown,75
2634,Bojan Bogdanović,80
2635,Nikola Mirotić,82
2636,Doug McDermott,79
2637,Cameron Bairstow,81
2638,Noah Vonleh,82
2639,P.J. Hairston,78
2640,Alex Kirk,84
2641,Joe Harris,78
2642,Will Cherry,72
2643,Jusuf Nurkić,84
2644,Joffrey Lauvergne,83
2645,Gary Harris,76
2646,Erick Green,76
2647,Spencer Dinwiddie,77
2648,James Michael McAdoo,81
2649,Kostas Papanikolaou,80
2650,K.J. McDaniels,78
2651,Nick Johnson,75
2652,Clint Capela,82
2653,Tarik Black,81
2654,Shayne Whittington,83
2655,Damjan Rudež,82
2656,C.J. Wilcox,77
2657,Julius Randle,80
2658,Jordan Clarkson,76
2659,Jabari Brown,76
2660,Andrew Wiggins,79
2661,Zach LaVine,78
2662,Sean Kilpatrick,76
2663,Jarnell Stokes,81
2664,Russ Smith,72
2665,Kalin Lucas,73
2666,JaMychal Green,80
2667,Jordan Adams,77
2668,Shabazz Napier,72
2669,Tyler Johnson,75
2670,James Ennis,78
2671,Zoran Dragić,77
2672,Andre Dawkins,77
2673,Travis Wear,82
2674,Langston Galloway,73
2675,Cleanthony Early,80
2676,Mitch McGary,82
2677,Grant Jerrett,82
2678,Elfrid Payton,75
2679,Devyn Marble,78
2680,Aaron Gordon,80
2681,JaKarr Sampson,79
2682,Nerlens Noel,82
2683,Jerami Grant,80
2684,Drew Gordon,81
2685,Tim Frazier,72
2686,Furkan Aldemir,82
2687,T.J. Warren,80
2688,Jerel McNeal,75
2689,David Wear,82
2690,David Stockton,71
2691,Nik Stauskas,78
2692,Eric Moreland,82
2693,Sim Bhullar,89
2694,Kyle Anderson,81
2695,Lucas Nogueira,84
2696,Bruno Caboclo,81
2697,Elijah Millsap,78
2698,Joe Ingles,79
2699,Rodney Hood,80
2700,Dante Exum,77
2701,Bryce Cotton,73
2702,Jack Cooley,81
2703,Patrick Christopher,77
2704,Jerrelle Benimon,80
2705,Edy Tavares,87
2706,Lamar Patterson,77
2707,Rashad Vaughn,78
2708,Damien Inglis,80
2709,Terry Rozier,73
2710,Jordan Mickey,80
2711,R.J. Hunter,77
2712,John Holland,77
2713,Coty Clarke,79
2714,Willie Reed,82
2715,Chris McCullough,83
2716,Rondae Hollis-Jefferson,78
2717,Bobby Portis,82
2718,Cristiano Felício,82
2719,Frank Kaminsky,84
2720,Aaron Harrison,78
2721,Jordan McRae,77
2722,Sasha Kaun,83
2723,Salah Mejri,86
2724,Justin Anderson,78
2725,Axel Toupane,79
2726,Emmanuel Mudiay,75
2727,Nikola Jokić,84
2728,Stanley Johnson,78
2729,Darrun Hilliard,78
2730,Kevon Looney,81
2731,Montrezl Harrell,79
2732,Sam Dekker,81
2733,Joe Young,74
2734,Myles Turner,83
2735,Rakeem Christmas,81
2736,Alex Stepheson,82
2737,Branden Dawson,78
2738,D'Angelo Russell,76
2739,Marcelo Huertas,75
2740,Anthony Brown,79
2741,Karl-Anthony Towns,83
2742,Tyus Jones,72
2743,Nemanja Bjelica,82
2744,Briante Weber,74
2745,Xavier Munford,74
2746,Jarell Martin,82
2747,Justise Winslow,78
2748,Josh Richardson,77
2749,Bryce Dejean-Jones,78
2750,Kristaps Porziņģis,87
2751,Jerian Grant,76
2752,Thanasis Antetokounmpo,78
2753,Cameron Payne,75
2754,Josh Huestis,79
2755,Mario Hezonja,80
2756,Keith Appling,73
2757,Christian Wood,82
2758,Jahlil Okafor,82
2759,T.J. McConnell,73
2760,Richaun Holmes,82
2761,Alan Williams,80
2762,Devin Booker,77
2763,Luis Montero,79
2764,Pat Connaughton,77
2765,Cliff Alexander,80
2766,Duje Dukan,81
2767,Willie Cauley-Stein,84
2768,Jonathon Simmons,78
2769,Boban Marjanović,88
2770,Delon Wright,77
2771,Norman Powell,75
2772,Tibor Pleiß,87
2773,J.J. O'Brien,79
2774,Raul Neto,73
2775,Trey Lyles,81
2776,Kelly Oubre,79
2777,Jarell Eddie,79
2778,Taurean Waller-Prince,79
2779,Malcolm Delaney,75
2780,DeAndre' Bembry,77
2781,Thon Maker,84
2782,Malcolm Brogdon,77
2783,Demetrius Jackson,73
2784,Jaylen Brown,78
2785,Isaiah Whitehead,76
2786,Caris LeVert,78
2787,Yogi Ferrell,72
2788,Paul Zipser,80
2789,Denzel Valentine,76
2790,Mike Tobey,84
2791,Treveon Graham,77
2792,Kay Felder,69
2793,Jarrod Uthoff,81
2794,Pierre Jackson,70
2795,A.J. Hammons,84
2796,Jonathan Gibson,74
2797,Dorian Finney-Smith,79
2798,Quinn Cook,73
2799,Nicolás Brussino,79
2800,Ben Bentil,81
2801,Jamal Murray,76
2802,Juan Hernangómez,81
2803,Malik Beasley,76
2804,Michael Gbinije,79
2805,Henry Ellenson,82
2806,Patrick McCaw,79
2807,Damian Jones,83
2808,Kyle Wiltjer,82
2809,Troy Williams,79
2810,Isaiah Taylor,75
2811,Chinanu Onuaku,82
2812,Georges Niang,79
2813,Diamond Stone,83
2814,Brice Johnson,82
2815,Ivica Zubac,84
2816,David Nwaba,77
2817,Brandon Ingram,79
2818,Kris Dunn,75
2819,Wayne Selden,77
2820,Andrew Harrison,78
2821,Deyonta Davis,83
2822,Wade Baldwin,76
2823,Okaro White,80
2824,Rodney McGruder,76
2825,Buddy Hield,76
2826,Cheick Diallo,80
2827,Chasson Randle,74
2828,Marshall Plumlee,84
2829,Maurice Ndour,81
2830,Mindaugas Kuzminskas,81
2831,Willy Hernangómez,83
2832,Ron Baker,76
2833,Domantas Sabonis,83
2834,Semaj Christon,75
2835,Álex Abrines,78
2836,Stephen Zimmerman,84
2837,Marcus Georges-Hunt,77
2838,Patricio Garino,78
2839,Dario Šarić,82
2840,Alex Poythress,81
2841,Timothé Luwawu-Cabarrot,79
2842,Shawn Long,81
2843,Joel Embiid,84
2844,Tyler Ulis,70
2845,Derrick Jones,78
2846,Marquese Chriss,81
2847,Dragan Bender,84
2848,Tim Quarterman,78
2849,Jake Layman,80
2850,Malachi Richardson,78
2851,Georgios Papagiannis,85
2852,Skal Labissière,82
2853,Dejounte Murray,76
2854,Nicolás Laprovíttola,76
2855,Bryn Forbes,74
2856,Dāvis Bertāns,82
2857,Fred VanVleet,73
2858,Pascal Siakam,81
2859,Jakob Poeltl,85
2860,Joel Bolomboy,81
2861,Tomáš Satoranský,79
2862,Daniel Ochefu,83
2863,Sheldon Mac,77
2864,Danuel House,78
2865,Andrew White,79
2866,Jaylen Morris,77
2867,Josh Magette,73
2868,Damion Lee,77
2869,Tyler Dorsey,77
2870,John Collins,81
2871,Antonius Cleveland,77
2872,Tyler Cavanaugh,81
2873,D.J. Wilson,82
2874,Sterling Brown,77
2875,Guerschon Yabusele,80
2876,Daniel Theis,80
2877,Jayson Tatum,80
2878,Semi Ojeleye,78
2879,Abdel Nader,77
2880,Jabari Bird,78
2881,Kadeem Allen,73
2882,Jacob Wiley,79
2883,James Webb,81
2884,Milton Doyle,76
2885,Jarrett Allen,83
2886,Lauri Markkanen,84
2887,Antonio Blakeney,76
2888,Ryan Arcidiacono,75
2889,Marcus Paige,73
2890,Malik Monk,75
2891,Mangok Mathiang,82
2892,Dwayne Bacon,78
2893,Ante Žižić,82
2894,London Perrantes,74
2895,Cedi Osman,79
2896,Jameel Warney,80
2897,Dennis Smith,74
2898,Johnathan Motley,80
2899,Maxi Kleber,82
2900,Jalen Jones,79
2901,Kyle Collinsworth,78
2902,Gian Clavell,76
2903,Monte Morris,74
2904,Tyler Lydon,82
2905,Torrey Craig,79
2906,Luke Kennard,77
2907,Reggie Hearn,77
2908,Chris Boucher,81
2909,Jordan Bell,80
2910,Zhou Qi,85
2911,Aaron Jackson,76
2912,Edmond Sumner,76
2913,Ben Moore,80
2914,Trey McKinney-Jones,77
2915,T.J. Leaf,82
2916,Ike Anigbogu,82
2917,Jamil Wilson,79
2918,C.J. Williams,77
2919,Tyrone Wallace,77
2920,Sindarius Thornwell,77
2921,Miloš Teodosić,77
2922,Jawun Evans,72
2923,Kyle Kuzma,80
2924,Andre Ingram,75
2925,Nigel Hayes,80
2926,Josh Hart,77
2927,Alex Caruso,77
2928,Thomas Bryant,82
2929,Lonzo Ball,78
2930,Justin Patton,83
2931,Kobi Simmons,77
2932,Xavier Rathan-Mayes,76
2933,Ivan Rabb,82
2934,Omari Johnson,81
2935,Vince Hunter,80
2936,Myke Henry,78
2937,Dillon Brooks,79
2938,Matt Williams,77
2939,Derrick Walton,72
2940,Bam Adebayo,81
2941,Walt Lemon,75
2942,Charles Cooke,77
2943,Frank Ntilikina,76
2944,Luke Kornet,86
2945,Isaiah Hicks,81
2946,Damyean Dotson,77
2947,Dakari Johnson,84
2948,Daniel Hamilton,79
2949,Terrance Ferguson,78
2950,PJ Dozier,78
2951,Rodney Purvis,76
2952,Wesley Iwundu,78
2953,Jonathan Isaac,83
2954,Khem Birch,81
2955,Jamel Artis,79
2956,Ben Simmons,82
2957,Jacob Pullen,73
2958,Furkan Korkmaz,79
2959,Markelle Fultz,75
2960,Davon Reed,77
2961,Alec Peters,81
2962,Josh Jackson,80
2963,Shaquille Harrison,79
2964,Josh Gray,72
2965,Caleb Swanigan,81
2966,Zach Collins,83
2967,Frank Mason,71
2968,Justin Jackson,79
2969,De'Aaron Fox,75
2970,Bogdan Bogdanović,78
2971,Derrick White,76
2972,Brandon Paul,76
2973,Matt Costello,81
2974,Malcolm Miller,79
2975,Alfonzo McKinnie,79
2976,OG Anunoby,79
2977,Royce O'Neale,76
2978,Naz Mitrou-Long,75
2979,Donovan Mitchell,73
2980,Erik McCree,79
2981,Tony Bradley,82
2982,Devin Robinson,80
2983,Trae Young,73
2984,Omari Spellman,80
2985,Jordan Sibert,76
2986,B.J. Johnson,79
2987,Isaac Humphries,84
2988,Kevin Huerter,79
2989,Jaylen Adams,74
2990,Trevon Duval,74
2991,Donte DiVincenzo,76
2992,Bonzie Colson,78
2993,Robert Williams,80
2994,Brad Wanamaker,75
2995,Theo Pinson,77
2996,Džanan Musa,81
2997,Tahjere McCall,77
2998,Rodions Kurucs,81
2999,Mitch Creek,77
3000,Brandon Sampson,77
3001,Chandler Hutchison,79
3002,Wendell Carter,81
3003,Rawle Alkins,77
3004,J.P. Macura,77
3005,Devonte' Graham,73
3006,Joe Chealey,75
3007,Miles Bridges,78
3008,Collin Sexton,73
3009,Jaron Blossomgame,80
3010,Deng Adel,79
3011,Ray Spalding,82
3012,Daryl Macon,74
3013,Luka Dončić,79
3014,Jalen Brunson,73
3015,Ryan Broekhoff,78
3016,Kostas Antetokounmpo,82
3017,Thomas Welsh,84
3018,Jarred Vanderbilt,81
3019,Brandon Goodwin,72
3020,DeVaughn Akoon-Purcell,78
3021,Khyri Thomas,75
3022,Sviatoslav Mykhailiuk,79
3023,Zach Lofton,76
3024,Bruce Brown,76
3025,Jacob Evans,76
3026,Marcus Derrickson,79
3027,Isaiah Hartenstein,84
3028,Vince Edwards,80
3029,Gary Clark,78
3030,Chris Chiozza,71
3031,Alize Johnson,79
3032,Aaron Holiday,72
3033,Landry Shamet,76
3034,Jerome Robinson,76
3035,Shai Gilgeous-Alexander,77
3036,Ángel Delgado,82
3037,Johnathan Williams,81
3038,Moritz Wagner,83
3039,Jemerrio Jones,77
3040,Isaac Bonga,80
3041,Jared Terrell,75
3042,Cameron Reynolds,79
3043,Josh Okogie,76
3044,Keita Bates-Diop,80
3045,Yuta Watanabe,80
3046,Julian Washburn,80
3047,Dusty Hannahs,75
3048,Jevon Carter,73
3049,Emanuel Terry,81
3050,Duncan Robinson,79
3051,Yante Maten,80
3052,Kenrich Williams,78
3053,Frank Jackson,75
3054,Dairis Bertāns,76
3055,Allonzo Trier,76
3056,Mitchell Robinson,84
3057,Kevin Knox,79
3058,Billy Garrett,78
3059,Donte Grantham,80
3060,Hamidou Diallo,77
3061,Tyler Davis,82
3062,Deonte Burton,76
3063,Amile Jefferson,81
3064,Melvin Frazier,77
3065,Troy Caupain,76
3066,Isaiah Briscoe,75
3067,Mohamed Bamba,84
3068,Zhaire Smith,75
3069,Shake Milton,77
3070,Haywood Highsmith,79
3071,Jonah Bolden,80
3072,Elie Okobo,75
3073,De'Anthony Melton,74
3074,George King,78
3075,Mikal Bridges,78
3076,Deandre Ayton,83
3077,Anfernee Simons,75
3078,Harry Giles,83
3079,Marvin Bagley,83
3080,Lonnie Walker,77
3081,Chimezie Metu,81
3082,Drew Eubanks,81
3083,Jordan Loyd,76
3084,Grayson Allen,76
3085,Troy Brown,78
3086,Charlie Brown (TW),78
3087,Bruno Fernando,81
3088,Cam Reddish,80
3089,De'Andre Hunter,79
3090,Cameron Reynolds (TW),79
3091,Frank Mason III (TW),71
3092,Tacko Fall (TW),89
3093,Tremont Waters (TW),70
3094,Vincent Poirier,84
3095,Romeo Langford,76
3096,Carsen Edwards,71
3097,Javonte Green,76
3098,Grant Williams,78
3099,Donta Hall,81
3100,Jeremiah Martin (TW),75
3101,Nicolas Claxton,83
3102,Chris Chiozza (TW),71
3103,Taurean Prince,79
3104,Max Strus (TW),78
3105,Adam Mokoka (TW),77
3106,Daniel Gafford,82
3107,Wendell Carter Jr.,81
3108,Coby White,76
3109,Ray Spalding (TW),82
3110,Kobi Simmons (TW),77
3111,Jalen McDaniels,82
3112,Caleb Martin,77
3113,Cody Martin,77
3114,P.J. Washington,79
3115,Dylan Windler,78
3116,Matt Mooney (TW),75
3117,Dean Wade,81
3118,Kevin Porter Jr.,76
3119,Larry Nance Jr.,79
3120,Darius Garland,73
3121,Josh Reaves (TW),76
3122,Antonius Cleveland (TW),77
3123,Tim Hardaway Jr.,77
3124,Tyler Cook (TW),80
3125,Bol Bol (TW),86
3126,Vlatko Čančar,80
3127,Michael Porter Jr.,82
3128,Jordan Bone (TW),75
3129,Louis King (TW),79
3130,Sekou Doumbouya,80
3131,Mychal Mulder,76
3132,Juan Toscano-Anderson,78
3133,Alen Smailagić,82
3134,Ky Bowman,73
3135,Jordan Poole,76
3136,Eric Paschall,78
3137,William Howard (TW),80
3138,Michael Frazier (TW),75
3139,Chris Clemons,69
3140,Naz Mitrou-Long (TW),75
3141,Brian Bowen (TW),78
3142,Goga Bitadze,83
3143,Mfiondu Kabengele,81
3144,Johnathan Motley (TW),80
3145,Amir Coffey (TW),79
3146,Terance Mann,77
3147,Devontae Cacok (TW),79
3148,Kostas Antetokounmpo (TW),82
3149,Talen Horton-Tucker,76
3150,Jaylen Nowell,76
3151,Jordan McLaughlin (TW),71
3152,Naz Reid,81
3153,Kelan Martin (TW),77
3154,Jarrett Culver,78
3155,Jontay Porter,83
3156,Yuta Watanabe (TW),80
3157,John Konchar (TW),77
3158,Marko Guduric,78
3159,Jaren Jackson Jr.,83
3160,Brandon Clarke,80
3161,Ja Morant,75
3162,Kyle Alexander (TW),83
3163,KZ Okpala,80
3164,Gabe Vincent (TW),75
3165,Chris Silva,80
3166,Tyler Herro,77
3167,Derrick Jones Jr.,78
3168,Kendrick Nunn,74
3169,Josh Gray (TW),72
3170,Zylan Cheatham (TW),77
3171,Zion Williamson,78
3172,Nickeil Alexander-Walker,77
3173,Nicolò Melli,81
3174,Jaxson Hayes,83
3175,Jared Harper (TW),71
3176,Kenny Wooten (TW),81
3177,Ignas Brazdeikis,78
3178,Dennis Smith Jr.,74
3179,RJ Barrett,78
3180,Isaiah Roby,80
3181,Kevin Hervey (TW),81
3182,Devon Hall (TW),74
3183,Luguentz Dort,75
3184,Darius Bazley,80
3185,Vic Law (TW),79
3186,B.J. Johnson (TW),79
3187,Mo Bamba,84
3188,Ryan Broekhoff (TW),78
3189,Marial Shayok (TW),77
3190,Glenn Robinson III,78
3191,Norvel Pelle,82
3192,Matisse Thybulle,77
3193,Tariq Owens (TW),82
3194,Jalen Lecque,75
3195,Ty Jerome,77
3196,Kelly Oubre Jr.,79
3197,Cameron Johnson,80
3198,Moses Brown (TW),86
3199,Jaylen Hoard (TW),80
3200,Wenyen Gabriel,81
3201,Nassir Little,77
3202,Gary Trent Jr.,77
3203,Kyle Guy (TW),73
3204,DaQuan Jeffries (TW),77
3205,Marvin Bagley III,83
3206,Justin James,79
3207,Luka Šamanić,82
3208,Quinndary Weatherspoon (TW),75
3209,Keldon Johnson,77
3210,Drew Eubanks (TW),81
3211,Dewan Hernandez,82
3212,Paul Watson (TW),79
3213,Oshae Brissett (TW),79
3214,Matt Thomas,76
3215,Terence Davis,76
3216,Justin Wright-Foreman (TW),72
3217,Jarrell Brantley (TW),77
3218,Nigel Williams-Goss,74
3219,Miye Oni,77
3220,Rayjon Tucker,77
3221,Juwan Morgan,80
3222,Johnathan Williams (TW),81
3223,Garrison Mathews (TW),77
3224,Anžejs Pasečņiks,85
3225,Gary Payton II,75
3226,Admiral Schofield,77
3227,Rui Hachimura,80
3228,Troy Brown Jr.,78
