,0
0,Curly Armstrong
1,Cliff Barker
2,Leo Barnhorst
3,Ed Bartels
4,Ralph Beard
5,Gene Berce
6,Charlie Black
7,Nelson Bobb
8,Jake Bornheimer
9,Vince Boryla
10,Don Boven
11,Harry Boykoff
12,Joe Bradley
13,Bob Brannum
14,Carl Braun
15,Frankie Brian
16,Price Brookfield
17,Bob Brown
18,Jim Browne
19,Walt Budko
20,Jack Burmaster
21,Tommy Byrnes
22,Bill Calhoun
23,Don Carlson
24,Bob Carpenter
25,Jake Carter
26,Al Cervi
27,John Chaney
28,Leroy Chollet
29,Bill Closs
30,Paul Cloyd
31,Jack Coleman
32,Bobby Cook
33,Ray Corley
34,Jack Cotton
35,Dillard Crocker
36,Chink Crossin
37,Fran Curran
38,Jimmy Darden
39,Bob Davies
40,Hook Dillon
41,Earl Dodd
42,Joe Dolhon
43,Bob Doll
44,Harry Donovan
45,Andy Duncan
46,Dike Eddleman
47,Gene Englund
48,Bob Evans
49,Johnny Ezersky
50,Bob Feerick
51,George Feigenbaum
52,Arnie Ferrin
53,Jerry Fleishman
54,Joe Fulks
55,Bill Gabor
56,Elmer Gainer
57,Harry Gallatin
58,Vern Gardner
59,Frank Gates
60,Dee Gibson
61,Hoot Gibson
62,Chuck Gilmur
63,Normie Glick
64,Paul Gordon
65,Joe Graboski
66,Bud Grant
67,Don Grate
68,Alex Groza
69,Al Guokas
70,Robert Hahn
71,Chick Halbert
72,Bruce Hale
73,Dale Hamilton
74,Alex Hannum
75,John Hargis
76,Bob Harris
77,Bob Harrison
78,Billy Hassett
79,Marshall Hawkins
80,Bill Henry
81,Bill Herman
82,Kleggie Hermsen
83,Sonny Hertzberg
84,Paul Hoffman
85,Joe Holland
86,Red Holzman
87,Gene James
88,Howie Janotta
89,Tony Jaros
90,Buddy Jeannette
91,Arnie Johnson
92,Ralph Johnson
93,Wah Wah Jones
94,Noble Jorgensen
95,George Kaftan
96,Leo Katkaveck
97,Jack Kerris
98,Bob Kinney
99,Walt Kirk
100,Leo Klier
101,Duane Klueh
102,Lee Knorek
103,Milo Komenich
104,Leo Kubiak
105,Frank Kudelka
106,Walt Lautenbach
107,Tony Lavelli
108,Ed Leede
109,Andrew Levane
110,Freddie Lewis
111,Ron Livingstone
112,John Logan
113,Ray Lumpp
114,Ed Macauley
115,Johnny Macknowski
116,John Mahnken
117,John Mandic
118,Slater Martin
119,Ariel Maughan
120,Matt Mazza
121,Mike McCarron
122,Dick McGuire
123,Bones McKinney
124,Mal McMullen
125,Dick Mehen
126,Ken Menke
127,Stan Miasek
128,Ed Mikan
129,George Mikan
130,Vern Mikkelsen
131,Al Miksis
132,Murray Mitchell
133,Leo Mogus
134,Max Morris
135,Joe Mullaney
136,Jerry Nagel
137,Jack Nichols
138,Richie Niemiera
139,Paul Noel
140,Jim Nolan
141,Johnny Norlander
142,George Nostrand
143,Mike Novak
144,Dermie O'Connell
145,Andy O'Donnell
146,Dick O'Keefe
147,John Oldham
148,Gene Ollrich
149,Johnny Orr
150,Don Otten
151,Mac Otten
152,Red Owens
153,Easy Parham
154,Jack Parkinson
155,Charlie Parsley
156,Stan Patrick
157,Johnny Payak
158,Warren Perkins
159,Ed Peterson
160,Jack Phelan
161,Andy Phillip
162,Jim Pollard
163,John Pritchard
164,Les Pugh
165,Don Putman
166,George Ratkovicz
167,Don Ray
168,Chick Reiser
169,Arnie Risen
170,Tex Ritter
171,Bill Roberts
172,Red Rocha
173,Kenny Rollins
174,Bob Royer
175,Jerry Rullo
176,Ed Sadowski
177,Kenny Sailors
178,Pep Saul
179,Herm Schaefer
180,Marv Schatzman
181,Fred Schaus
182,Dolph Schayes
183,Milt Schoon
184,Howie Schultz
185,Dick Schulz
186,Fred Scolari
187,Wayne See
188,Glen Selbo
189,Rollie Seltz
190,Jim Seminoff
191,George Senesky
192,Paul Seymour
193,Carl Shaeffer
194,Howie Shannon
195,Charley Shipp
196,Connie Simmons
197,Belus Smawley
198,Jack Smiley
199,Chips Sobek
200,Odie Spears
201,Art Spector
202,Ed Stanczak
203,Gene Stump
204,Mike Todorovich
205,Jack Toomay
206,Bob Tough
207,Blackie Towery
208,Dick Triptow
209,Butch van Breda Kolff
210,Gene Vance
211,Ernie Vandeweghe
212,Floyd Volker
213,Whitey Von Nieda
214,Clint Wager
215,Danny Wagner
216,Brady Walker
217,Paul Walther
218,Bobby Wanzer
219,Murray Wier
220,D.C. Wilcutt
221,Bob Wood
222,Max Zaslofsky
223,Paul Arizin
224,Ed Beach
225,Leon Blevins
226,Ike Borsavage
227,Art Burris
228,Gerry Calabrese
229,Cal Christensen
230,Nat Clifton
231,Chuck Cooper
232,Bob Cousy
233,Hank DeZonie
234,Bob Donham
235,Ray Ellefson
236,Larry Foust
237,Ed Gayda
238,Joe Hutton
239,Bob Lavoy
240,Earl Lloyd
241,Don Lofgran
242,Norm Mager
243,Joe McNamee
244,Chuck Mrazovich
245,Ken Murray
246,Tommy O'Keefe
247,Kevin O'Shea
248,Don Rehfeldt
249,Jim Riffey
250,Alan Sawyer
251,Herb Scherer
252,Dick Schnittker
253,Bill Sharman
254,Don Barksdale
255,Elmer Behnke
256,Stan Brown
257,Ed Dahler
258,Nate DeLong
259,Dick Dickey
260,Jake Fendley
261,Jerry Fowler
262,Lew Hitch
263,Mel Hutchins
264,Neil Johnston
265,Jack Kiley
266,George King
267,John McConathy
268,Alfred McGuire
269,Dave Minor
270,Ralph O'Brien
271,Wally Osterkorn
272,Mel Payton
273,John Pilch
274,Ray Ragelis
275,Sam Ranzino
276,John Rennicke
277,Don Savage
278,Chuck Share
279,Zeke Sinicola
280,Whitey Skoog
281,Jim Slaughter
282,Bill Tosheff
283,Bob Wilson
284,Jim Baechtold
285,Jim Brasco
286,Dick Bunt
287,Gene Conley
288,Pete Darcey
289,Blaine Denning
290,Danny Finn
291,Dick Groat
292,Don Hanrahan
293,Don Henriksen
294,Jim Holstein
295,Bob Lochmueller
296,Mo Mahoney
297,Al Masino
298,Jack McCloskey
299,Bucky McConnell
300,George McLeod
301,Jack McMahon
302,Monk Meineke
303,Eddie Miller
304,Bill Mlkvy
305,Jim Mooney
306,Bob Naber
307,John O'Boyle
308,Mike O'Neill
309,Claude Overton
310,Ralph Polson
311,Bob Priddy
312,Moe Radovich
313,Sherwin Raiken
314,Gene Rhodes
315,Dick Surhoff
316,Mark Workman
317,Zeke Zawoluk
318,Don Ackerman
319,Don Asmonga
320,Ernie Barrett
321,Ernie Beck
322,Irv Bemoras
323,Bill Bolger
324,Walt Davis
325,Gene Dyker
326,Ed Earle
327,Ray Felix
328,Jim Fritsche
329,Jack George
330,Bato Govedarica
331,Norm Grekin
332,Rollen Hans
333,Bob Houbregs
334,Billy Kenville
335,Dick Knostman
336,Clyde Lovellette
337,Jim Luisi
338,Jack Molinas
339,Jim Neal
340,Paul Nolen
341,Bob Peterson
342,James Phelan
343,Connie Rea
344,Frank Reddout
345,Al Roges
346,Ed Smith
347,Joe Smyth
348,Don Sunderlage
349,Norm Swanson
350,Hal Uplinger
351,Isaac Walthour
352,George Yardley
353,Don Anielak
354,Tom Brennan
355,Bob Carney
356,Fred Christ
357,Bert Cook
358,Larry Costello
359,George Dempsey
360,Fred Diute
361,Dick Farley
362,Chuck Grigsby
363,Herm Hedderick
364,Ed Kalafat
365,Mike Kearns
366,Red Kerr
367,Dan King
368,Bob Knight
369,Ronnie MacGilvray
370,Tom Marshall
371,Phil Martin
372,Ken McBride
373,Carl McNulty
374,Jackie Moore
375,Red Morrison
376,Boris Nachamkin
377,Togo Palazzi
378,Bob Pettit
379,Frank Ramsey
380,Dick Rosenthal
381,Frank Selvy
382,Gene Shue
383,Art Spoelstra
384,Jim Tucker
385,Jack Turner
386,Bobby Watson
387,Skippy Whitaker
388,Jesse Arnelle
389,Dick Atha
390,Don Bielke
391,Ed Conlin
392,Red Davis
393,Corky Devlin
394,Walter Dukes
395,Ron Feiereisel
396,Al Ferrari
397,Ed Fleming
398,Dick Garmaker
399,Tom Gola
400,Chris Harris
401,Dick Hemric
402,Larry Hennessy
403,Johnny Horan
404,Jim Loscutoff
405,Chuck Mencel
406,Chuck Noble
407,Med Park
408,Richie Regan
409,Dick Ricketts
410,Bob Santini
411,Bob Schafer
412,Kenny Sears
413,Jack Stephens
414,Maurice Stokes
415,Jack Twyman
416,Bob Williams
417,Forest Able
418,Bob Armstrong
419,John Barber
420,Gary Bergen
421,Al Bianchi
422,Bob Burrow
423,Si Green
424,Richie Guerin
425,Cliff Hagan
426,Tom Heinsohn
427,Joe Holup
428,Bob Hopkins
429,Phil Jordon
430,Hal Lear
431,Slick Leonard
432,Johnny McCarthy
433,Willie Naulls
434,Jim Paxson
435,Dave Piontek
436,Jim Ray
437,Bill Russell
438,Ron Shavlik
439,Ron Sobie
440,Norm Stewart
441,Bill Thieben
442,Lou Tsioropoulos
443,Doug Bolstorff
444,George Brown
445,Dick Duckett
446,Pat Dunn
447,Bill Ebben
448,Bo Erias
449,Larry Friend
450,Hot Rod Hundley
451,McCoy Ingram
452,Sam Jones
453,Jim Krebs
454,Brendan McCann
455,Worthy Patterson
456,Jerry Paulson
457,Ray Radziszewski
458,Lennie Rosenbluth
459,Woody Sauldsberry
460,Guy Sparrow
461,Charlie Tyra
462,Jim Walsh
463,Win Wilfong
464,Elgin Baylor
465,Jerry Bird
466,Bucky Bockhorn
467,Pete Brennan
468,Barney Cable
469,Archie Dees
470,Connie Dierking
471,Boo Ellis
472,Wayne Embry
473,Mike Farmer
474,Dave Gambee
475,Hal Greer
476,Steve Hamilton
477,Vern Hatton
478,Andy Johnson
479,K.C. Jones
480,Tommy Kearns
481,Shellie McMillon
482,Jim Palmer
483,Jack Parr
484,Hub Reed
485,Guy Rodgers
486,Phil Rollins
487,Larry Staverman
488,Bennie Swain
489,Gary Alcorn
490,Bob Anderegg
491,Dick Barnett
492,Whitey Bell
493,Wilt Chamberlain
494,Bob Ferry
495,Johnny Green
496,Gene Guarilia
497,Tom Hawkins
498,Bailey Howell
499,Maurice King
500,Rudy LaRusso
501,Nick Mantis
502,Cal Ramsey
503,John Richter
504,Joe Ruklick
505,Bobby Smith
506,Wayne Stevens
507,Tony Windis
508,Al Attles
509,Bob Boozer
510,Dave Budd
511,Ralph Davis
512,Swede Halbrook
513,Darrall Imhoff
514,Ron Johnson
515,Howie Jolliff
516,Willie Jones
517,Pickles Kennedy
518,Fred LaCour
519,George Lee
520,Bob McNeill
521,Jackie Moreland
522,Don Ohl
523,Joe Roberts
524,Oscar Robertson
525,Tom Sanders
526,Jerry West
527,Lenny Wilkens
528,Stacey Arceneaux
529,Walt Bellamy
530,George Blaney
531,George Bon Salle
532,Joe Buckhalter
533,Cleveland Buckner
534,Ed Burton
535,Donnie Butcher
536,Al Butler
537,Howie Carl
538,Jimmy Darrow
539,Johnny Egan
540,Rich Eichhorst
541,Cleo Hill
542,Ron Horn
543,Doug Kistler
544,York Larese
545,Ted Luckenbill
546,Whitey Martin
547,Tom Meschery
548,Paul Neumann
549,Bevo Nordmann
550,Chuck Osborne
551,Gary Phillips
552,Frank Radovich
553,Ray Scott
554,Lee Shaffer
555,Bob Sims
556,Adrian Smith
557,Bill Smith
558,Sam Stith
559,Horace Walker
560,Bob Wiesenhahn
561,Wayne Yates
562,Dave Zeller
563,John Barnhill
564,Zelmo Beaty
565,Bill Bridges
566,Len Chappell
567,Johnny Cox
568,Dave DeBusschere
569,Terry Dischinger
570,Danny Doyle
571,Bob Duffy
572,Leroy Ellis
573,Dave Fedor
574,Jack Foley
575,Dave Gunther
576,Charlie Hardnett
577,John Havlicek
578,Wayne Hightower
579,Paul Hogue
580,Kevin Loughery
581,Bill McGill
582,Porter Meriwether
583,Howie Montgomery
584,Don Nelson
585,Mel Nowell
586,Bud Olsen
587,John Rudometkin
588,Jeff Slade
589,Tom Stith
590,Dan Swartz
591,Dan Tieman
592,Gene Tormohlen
593,Chico Vaughn
594,Chet Walker
595,Ben Warley
596,Ralph Wells
597,Hubie White
598,Gene Wiley
599,Jay Arnette
600,Larry Comley
601,Mel Gibson
602,Jerry Greenspan
603,Reggie Harding
604,Jerry Harkness
605,Art Heyman
606,Gary Hill
607,Tom Hoover
608,Gus Johnson
609,Jim King
610,Don Kojis
611,Jerry Lucas
612,Eddie Miles
613,Mel Peterson
614,Ken Rohloff
615,Larry Siegfried
616,Roger Strickland
617,Tom Thacker
618,Rod Thorn
619,Nate Thurmond
620,Gerry Ward
621,John Windsor
622,Jim Barnes
623,Ron Bonham
624,Gary Bradds
625,Em Bryant
626,Joe Caldwell
627,Mel Counts
628,Steve Courtin
629,Jerry Grote
630,Happy Hairston
631,Walt Hazzard
632,Les Hunter
633,Luke Jackson
634,Larry Jones
635,Wali Jones
636,Howard Komives
637,Bud Koper
638,Barry Kramer
639,McCoy McLemore
640,Jeff Mullins
641,Cotton Nash
642,Willis Reed
643,Paul Silas
644,John Thompson
645,John Tresvant
646,George Wilson
647,Rick Barry
648,Jesse Branson
649,Bill Buntin
650,Barry Clemens
651,Billy Cunningham
652,Keith Erickson
653,John Fairchild
654,Will Frazier
655,Gail Goodrich
656,Fred Hetzel
657,Jon McGlocklin
658,Thales McReynolds
659,Ron Reed
660,Jerry Sloan
661,Willie Somerset
662,Dave Stallworth
663,Joe Strawder
664,Dick Van Arsdale
665,Tom Van Arsdale
666,Bob Warlick
667,Jim Washington
668,Ron Watts
669,Bob Weiss
670,Henry Akin
671,Johnny Austin
672,Jim Barnett
673,Dave Bing
674,John Block
675,Nate Bowman
676,Jerry Chambers
677,Archie Clark
678,Freddie Crawford
679,Dave Deutsch
680,Joe Ellis
681,Hank Finkel
682,Matt Guokas
683,Bob Hogsett
684,Lou Hudson
685,Neil Johnson
686,Toby Kimball
687,Tommy Kron
688,Clyde Lee
689,Bob Love
690,Jack Marin
691,Bill Melchionni
692,Wayne Molis
693,Erwin Mueller
694,Dorie Murrey
695,Flynn Robinson
696,Cazzie Russell
697,Dave Schellhase
698,Dick Snyder
699,Jim Ware
700,Walt Wesley
701,Bud Acton
702,Cliff Anderson
703,Bill Bradley
704,Tyrone Britt
705,Jim Burns
706,Jim Caldwell
707,George Carter
708,Jim Davis
709,Bill Dinwiddie
710,Sonny Dove
711,Ron Filipek
712,Jim Fox
713,Walt Frazier
714,Mal Graham
715,Gary Gray
716,Dennis Hamilton
717,Clem Haskins
718,Al Jackson
719,Phil Jackson
720,Johnny Jones
721,Nick Jones
722,Dave Lattin
723,George Lehmann
724,Bobby Lewis
725,Paul Long
726,Plummer Lott
727,Ed Manning
728,Stan McKenzie
729,Jay Miller
730,Earl Monroe
731,George Patterson
732,Jim Reid
733,Pat Riley
734,Bob Rule
735,Craig Spitzer
736,Al Tucker
737,Bill Turner
738,Jimmy Walker
739,Rick Weitzman
740,Roland West
741,John Wetzel
742,Ken Wilburn
743,Art Williams
744,Tom Workman
745,Zaid Abdul-Aziz
746,Rick Adelman
747,Bob Allen
748,Harry Barnes
749,Ed Biedenbach
750,Tom Boerwinkle
751,Jay Carty
752,Don Chaney
753,Dick Cunningham
754,Fred Foster
755,Pat Frink
756,Gary Gregor
757,Al Hairston
758,Shaler Halimon
759,Skip Harlicka
760,Art Harris
761,Elvin Hayes
762,Bill Hewitt
763,Bill Hosket
764,Rich Johnson
765,Bob Kauffman
766,Joe Kennedy
767,Rod Knowles
768,Stu Lantz
769,Don May
770,Otto Moore
771,Dave Newmark
772,Rich Niemann
773,Barry Orms
774,Charlie Paulk
775,Loy Petersen
776,Bob Quick
777,Craig Raymond
778,Mike Riordan
779,Dale Schlueter
780,Doug Sims
781,Greg Smith
782,John Trapp
783,Wes Unseld
784,Dwight Waller
785,Cliff Williams
786,Ron Williams
787,Sam Williams
788,Kareem Abdul-Jabbar
789,Lucius Allen
790,Wally Anderzunas
791,John Arthurs
792,Johnny Baum
793,Butch Beard
794,Fred Carter
795,Bob Dandridge
796,Mike Davis
797,Dick Garrett
798,Herm Gilliam
799,Bob Greacen
800,Lamar Green
801,Connie Hawkins
802,Brian Heaney
803,Steve Kuberski
804,Mike Lynn
805,Willie McCarter
806,Steve Mix
807,Grady O'Malley
808,Bud Ogden
809,Bob Portman
810,Luther Rackley
811,George Reynolds
812,Rick Roberson
813,Dave Scholz
814,Bingo Smith
815,Norm Van Lier
816,Neal Walk
817,John Warren
818,Jo Jo White
819,Bernie Williams
820,Lee Winfield
821,Don Adams
822,Tiny Archibald
823,Bob Arnzen
824,Dennis Awtrey
825,Moe Barr
826,Tom Black
827,Bob Christian
828,Jimmy Collins
829,Joe Cooke
830,Dave Cowens
831,Pete Cross
832,Terry Driscoll
833,Claude English
834,Greg Fillmore
835,Levi Fontaine
836,Jake Ford
837,Gary Freeman
838,Walt Gilmore
839,Spencer Haywood
840,Gar Heard
841,Al Henry
842,A.W. Holt
843,Greg Howard
844,John Hummer
845,Greg Hyder
846,George Johnson
847,John Johnson
848,Earnie Killum
849,Ron Knight
850,Sam Lacey
851,Bob Lanier
852,Pete Maravich
853,Harvey Marlatt
854,Eddie Mast
855,Jim McMillian
856,Larry Mikan
857,Rex Morgan
858,Calvin Murphy
859,Ralph Ogden
860,Curtis Perry
861,Geoff Petrie
862,Mike Price
863,Bob Riley
864,Paul Ruffner
865,Mike Silliman
866,Garfield Smith
867,Dave Sorenson
868,Dennis Stewart
869,Bill Stricker
870,Gary Suiter
871,Fred Taylor
872,Joe Thomas
873,Rudy Tomjanovich
874,John Vallely
875,Cornell Warner
876,Bobby Washington
877,Jeff Webb
878,Herb White
879,Milt Williams
880,Willie Williams
881,Marv Winkler
882,Gary Zeller
883,Bill Zopf
884,Odis Allison
885,Vic Bartolome
886,Fred Brown
887,Austin Carr
888,Sid Catlett
889,Phil Chenier
890,Jim Cleamons
891,Charlie Davis
892,Jackie Dinkins
893,Ken Durrett
894,Dick Gibbs
895,Clarence Glover
896,Jeff Halliburton
897,Fred Hilton
898,Jake Jones
899,Mo Layton
900,Stan Love
901,Charlie Lowery
902,Jim Marsh
903,Jim McDaniels
904,Gil McGregor
905,Kenny McIntosh
906,Cliff Meely
907,Dean Meminger
908,John Mengelt
909,Barry Nelson
910,Mike Newlin
911,Willie Norwood
912,Steve Patterson
913,Tom Payne
914,Howard Porter
915,Clifford Ray
916,Jackie Ridgle
917,Rich Rinaldi
918,Curtis Rowe
919,Charlie Scott
920,Elmore Smith
921,Randy Smith
922,William Smith
923,Larry Steele
924,George Trapp
925,Sidney Wicks
926,Nate Williams
927,Isaiah Wilson
928,Dave Wohl
929,Barry Yates
930,Charlie Yelverton
931,Henry Bibby
932,Freddie Boyd
933,Steve Bracey
934,John Brisker
935,Roger Brown
936,Corky Calhoun
937,Bob Davis
938,Dwight Davis
939,Mickey Davis
940,Charles Dudley
941,Scott English
942,Chris Ford
943,Harold Fox
944,Rowland Garrett
945,John Gianelli
946,Travis Grant
947,Luther Green
948,Charles Johnson
949,Ollie Johnson
950,Manny Leaks
951,Russ Lee
952,LaRue Martin
953,Bob McAdoo
954,Paul McCracken
955,Eric McWilliams
956,Mark Minor
957,Bob Nash
958,Lloyd Neal
959,Tom Patterson
960,Kevin Porter
961,Jim Price
962,Mike Ratliff
963,Tom Riker
964,Ron Riley
965,Frank Russell
966,Frank Schade
967,Sam Sibert
968,Bud Stallworth
969,Paul Stovall
970,Chuck Terry
971,Justus Thigpen
972,John Tschogl
973,Paul Westphal
974,Harthorne Wingo
975,Joby Wright
976,Mike Bantom
977,Ron Behagen
978,Dennis Bell
979,Jim Brewer
980,Allan Bristow
981,John Brown
982,Larry Cannon
983,Bill Chamberlain
984,Ken Charles
985,E.C. Coleman
986,Doug Collins
987,Mike D'Antoni
988,Mel Davis
989,Derrek Dickey
990,Ernie DiGregorio
991,Steve Downing
992,Rod Freeman
993,Bernie Fryer
994,Jim Garvin
995,Phil Hankinson
996,Nate Hawthorne
997,Tom Ingelsby
998,Dwight Jones
999,Ben Kelso
1000,Tom Kozelko
1001,Kevin Kunnert
1002,Mike Macaluso
1003,Ted Manakas
1004,Vester Marshall
1005,Allie McGuire
1006,Larry McNeill
1007,Gary Melchionni
1008,Louie Nelson
1009,Jim Owens
1010,Ed Ratleff
1011,Joe Reaves
1012,Mark Sibley
1013,Bob Verga
1014,Kermit Washington
1015,Slick Watts
1016,Nick Weatherspoon
1017,Luke Witte
1018,Dan Anderson
1019,Jim Ard
1020,Gus Bailey
1021,Leon Benbow
1022,Ken Boyd
1023,Gary Brokaw
1024,Tom Burleson
1025,Harvey Catchings
1026,Jim Chones
1027,Ben Clyde
1028,Jesse Dark
1029,Rod Derline
1030,John Drew
1031,Dennis DuVal
1032,Al Eberhard
1033,Leonard Gray
1034,Bernie Harris
1035,Steve Hawes
1036,Tom Henderson
1037,Greg Jackson
1038,Wardell Jackson
1039,Aaron James
1040,Mickey Johnson
1041,Jimmy Jones
1042,Frank Kendrick
1043,Len Kosmalski
1044,Bill Ligon
1045,Phil Lumpkin
1046,Glenn McDonald
1047,Eric Money
1048,Connie Norman
1049,Kevin Restani
1050,Truck Robinson
1051,Campy Russell
1052,Fred Saunders
1053,Tal Skinner
1054,Don Smith
1055,Phil Smith
1056,Mike Sojourner
1057,Kevin Stacom
1058,George Thompson
1059,Dean Tolson
1060,Foots Walker
1061,Bill Walton
1062,Perry Warbington
1063,Stan Washington
1064,Scott Wedman
1065,Owen Wells
1066,Jamaal Wilkes
1067,Earl Williams
1068,Bobby Wilson
1069,Brian Winters
1070,Alvan Adams
1071,Jerome Anderson
1072,Jerry Baskerville
1073,Bob Bigelow
1074,Tom Boswell
1075,Junior Bridgeman
1076,Joe Bryant
1077,Al Carlson
1078,Jim Creighton
1079,Darryl Dawkins
1080,Henry Dickerson
1081,Eric Fernsten
1082,Larry Fogle
1083,Don Ford
1084,World B. Free
1085,Donnie Freeman
1086,Kevin Grevey
1087,Bob Gross
1088,Lindsay Hairston
1089,Glenn Hansen
1090,Bubbles Hawkins
1091,Wilbur Holland
1092,Lionel Hollins
1093,Steve Jones
1094,Rich Kelley
1095,Tom Kropp
1096,C.J. Kupec
1097,John Lambert
1098,John Laskowski
1099,Greg Lee
1100,Clyde Mayes
1101,Ken Mayfield
1102,Jim McElroy
1103,George McGinnis
1104,Tom McMillen
1105,Joe Meriweather
1106,Dave Meyers
1107,Frank Oleynick
1108,Cliff Pondexter
1109,Bill Robinzine
1110,John Roche
1111,Bruce Seals
1112,Ed Searcy
1113,Gene Short
1114,John Shumate
1115,Ricky Sobers
1116,Terry Thomas
1117,Rudy White
1118,Gus Williams
1119,Bill Willoughby
1120,Tom Abernethy
1121,Bird Averitt
1122,Tom Barker
1123,Marvin Barnes
1124,Norton Barnhill
1125,Mike Barr
1126,Tim Bassett
1127,Byron Beck
1128,Mel Bennett
1129,Ron Boone
1130,Quinn Buckner
1131,Ticky Burden
1132,Don Buse
1133,Mack Calvin
1134,M.L. Carr
1135,Cornelius Cash
1136,Norm Cook
1137,Louie Dampier
1138,Mel Daniels
1139,Adrian Dantley
1140,Johnny Davis
1141,Ron Davis
1142,Randy Denton
1143,Coby Dietrick
1144,Leon Douglas
1145,Mike Dunleavy
1146,Jim Eakins
1147,Len Elmore
1148,Darrell Elston
1149,Alex English
1150,Julius Erving
1151,Butch Feher
1152,Mike Flynn
1153,Terry Furlow
1154,Mike Gale
1155,Gus Gerard
1156,George Gervin
1157,Artis Gilmore
1158,Mike Green
1159,Steve Green
1160,Paul Griffin
1161,Rudy Hackett
1162,Phil Hicks
1163,Armond Hill
1164,Darnell Hillman
1165,Mo Howard
1166,Kim Hughes
1167,Dan Issel
1168,Dennis Johnson
1169,Bobby Jones
1170,Caldwell Jones
1171,Rich Jones
1172,Robin Jones
1173,Wil Jones
1174,George Karl
1175,Goo Kennedy
1176,Larry Kenon
1177,Billy Knight
1178,Mitch Kupchak
1179,Bo Lamar
1180,Ron Lee
1181,Scott Lloyd
1182,John Lucas
1183,Maurice Lucas
1184,Moses Malone
1185,Scott May
1186,Andre McCarter
1187,Ted McClain
1188,Allen Murphy
1189,Swen Nater
1190,Johnny Neumann
1191,Mark Olberding
1192,Tom Owens
1193,Joe Pace
1194,Robert Parish
1195,Sonny Parker
1196,Billy Paultz
1197,Marv Roberts
1198,Dave Robisch
1199,Marshall Rogers
1200,Dan Roundfield
1201,Phil Sellers
1202,Lonnie Shelton
1203,James Silas
1204,Ralph Simpson
1205,Al Skinner
1206,Willie Smith
1207,Keith Starr
1208,Earl Tatum
1209,Brian Taylor
1210,Fatty Taylor
1211,Ira Terrell
1212,Claude Terry
1213,David Thompson
1214,Monte Towe
1215,Dave Twardzik
1216,Jan van Breda Kolff
1217,Andy Walker
1218,Wally Walker
1219,Lloyd Walton
1220,Henry Ward
1221,Richard Washington
1222,Marvin Webster
1223,Bob Wilkerson
1224,Chuck Williams
1225,Chuckie Williams
1226,John Williamson
1227,Willie Wise
1228,Larry Wright
1229,Tate Armstrong
1230,Greg Ballard
1231,Kent Benson
1232,Otis Birdsong
1233,Phil Bond
1234,Jim Bostic
1235,Alonzo Bradley
1236,Mike Bratz
1237,Wayman Britt
1238,Kenny Carr
1239,Bob Carrington
1240,Wesley Cox
1241,Charlie Criss
1242,Mark Crow
1243,Brad Davis
1244,Walter Davis
1245,Jacky Dorsey
1246,T.R. Dunn
1247,James Edwards
1248,Bo Ellis
1249,Al Fleming
1250,Bayard Forrest
1251,Mike Glenn
1252,Glen Gondrezick
1253,Rickey Green
1254,Greg Griffin
1255,Ernie Grunfeld
1256,Joe Hassett
1257,Eddie Johnson
1258,Larry Johnson
1259,Marques Johnson
1260,Eddie Jordan
1261,Bernard King
1262,Toby Knight
1263,John Kuester
1264,Tom LaGarde
1265,Mark Landsberger
1266,Rich Laurel
1267,Ricky Marsh
1268,Cedric Maxwell
1269,Larry Moffett
1270,Glenn Mosley
1271,Norm Nixon
1272,Eddie Owens
1273,Ben Poquette
1274,Robert Reid
1275,Anthony Roberts
1276,Tony Robertson
1277,Tree Rollins
1278,Alvin Scott
1279,Steve Sheppard
1280,Jack Sikma
1281,Scott Sims
1282,Robert Smith
1283,Phil Walker
1284,Wilson Washington
1285,Ray Williams
1286,Kim Anderson
1287,Del Beshore
1288,Dennis Boyd
1289,Winford Boynes
1290,Ron Brewer
1291,Greg Bunch
1292,Marty Byrnes
1293,Ron Carter
1294,Maurice Cheeks
1295,Michael Cooper
1296,Wayne Cooper
1297,Dave Corzine
1298,Geoff Crompton
1299,Harry Davis
1300,Bob Elliott
1301,Ray Epps
1302,Phil Ford
1303,Jack Givens
1304,Tommie Green
1305,Lars Hansen
1306,James Hardy
1307,Keith Herron
1308,Kenny Higgs
1309,Essie Hollis
1310,Otis Howard
1311,Clemon Johnson
1312,Jeff Judkins
1313,Joel Kramer
1314,Butch Lee
1315,John Long
1316,Billy McKinney
1317,Mike Mitchell
1318,John Olive
1319,Roger Phegley
1320,Stan Pietkiewicz
1321,Wayne Radford
1322,Marlon Redmond
1323,Micheal Ray Richardson
1324,Rick Robey
1325,Jackie Robinson
1326,John Rudd
1327,Frankie Sanders
1328,Purvis Short
1329,Sam Smith
1330,Reggie Theus
1331,Mychal Thompson
1332,Raymond Townsend
1333,Terry Tyler
1334,Andre Wakefield
1335,Jerome Whitehead
1336,Freeman Williams
1337,Rick Wilson
1338,James Bailey
1339,Billy Ray Bates
1340,Larry Bird
1341,Lawrence Boston
1342,Dudley Bradley
1343,Bill Cartwright
1344,Jeff Cook
1345,Hollis Copeland
1346,John Coughran
1347,Terry Crosby
1348,Pat Cummings
1349,Paul Dawkins
1350,Greg Deane
1351,Larry Demic
1352,Terry Duerod
1353,Earl Evans
1354,Mike Evans
1355,Gary Garland
1356,Dave Greenwood
1357,Roy Hamilton
1358,Gerald Henderson
1359,Johnny High
1360,Brad Holland
1361,Phil Hubbard
1362,Geoff Huston
1363,Abdul Jeelani
1364,Cheese Johnson
1365,Magic Johnson
1366,Vinnie Johnson
1367,Major Jones
1368,Greg Kelser
1369,Irv Kiffin
1370,Carl Kilpatrick
1371,Reggie King
1372,Arvid Kramer
1373,Allen Leavell
1374,Ollie Mack
1375,Steve Malovic
1376,Paul Mokeski
1377,Sidney Moncrief
1378,Calvin Natt
1379,Sylvester Norris
1380,Wiley Peck
1381,Sam Pellom
1382,Clint Richardson
1383,Cliff Robinson
1384,Jim Spanarkel
1385,Bernard Toone
1386,Duck Williams
1387,Sly Williams
1388,Bubba Wilson
1389,Tony Zeno
1390,Darrell Allums
1391,Norman Black
1392,Dave Britton
1393,Michael Brooks
1394,Lewis Brown
1395,Rickey Brown
1396,Joe Barry Carroll
1397,Butch Carter
1398,Reggie Carter
1399,Art Collins
1400,Don Collins
1401,Darwin Cook
1402,Earl Cureton
1403,Monti Davis
1404,James Donaldson
1405,Larry Drew
1406,Ralph Drollinger
1407,John Duren
1408,Tony Fuller
1409,Calvin Garrett
1410,Mike Gminski
1411,Darrell Griffith
1412,Bill Hanzlik
1413,Alan Hardy
1414,Mike Harper
1415,Cedrick Hordges
1416,Tony Jackson
1417,Lee Johnson
1418,Reggie Johnson
1419,Edgar Jones
1420,Walter Jordan
1421,Clarence Kea
1422,Chad Kinch
1423,Wayne Kreklow
1424,Bill Laimbeer
1425,Edmund Lawrence
1426,Ronnie Lester
1427,Kyle Macy
1428,Rick Mahorn
1429,Wes Matthews
1430,Bill Mayfield
1431,Keith McCord
1432,Kevin McHale
1433,Dick Miller
1434,Johnny Moore
1435,Lowes Moore
1436,Kenny Natt
1437,Carl Nicks
1438,Mike Niles
1439,Mike O'Koren
1440,Jawann Oldham
1441,Louis Orr
1442,Myles Patrick
1443,Tony Price
1444,Wally Rank
1445,Kelvin Ransey
1446,James Ray
1447,Billy Reid
1448,Wayne Robinson
1449,Lorenzo Romar
1450,DeWayne Scales
1451,Craig Shelton
1452,Jerry Sichting
1453,Larry Smith
1454,Rory Sparrow
1455,John Stroud
1456,Carlos Terry
1457,Andrew Toney
1458,Ronnie Valentine
1459,Kiki Vandeweghe
1460,Brett Vroman
1461,Hawkeye Whitney
1462,Michael Wiley
1463,James Wilkes
1464,Jeff Wilkins
1465,Mike Woodson
1466,Sam Worthen
1467,Mark Aguirre
1468,Danny Ainge
1469,Carl Bailey
1470,Gene Banks
1471,Rolando Blackman
1472,Ray Blume
1473,Alex Bradley
1474,Charles Bradley
1475,Brad Branson
1476,Jim Brogan
1477,Roger Burkman
1478,David Burns
1479,Bobby Cattage
1480,Tom Chambers
1481,Joe Cooper
1482,Charles Davis
1483,Kenny Dennard
1484,Mickey Dillard
1485,John Douglas
1486,Craig Dykema
1487,Franklin Edwards
1488,Pétur Guðmundsson
1489,Glenn Hagan
1490,Steve Hayes
1491,Tracy Jackson
1492,Clay Johnson
1493,Frank Johnson
1494,Steve Johnson
1495,Albert King
1496,Jeff Lamp
1497,Rock Lee
1498,Alton Lister
1499,Lewis Lloyd
1500,Kevin Loder
1501,Rudy Macklin
1502,John McCullough
1503,Hank McDowell
1504,Mike McGee
1505,Kevin McKenna
1506,Larry Nance
1507,Kurt Nimphius
1508,Mark Radford
1509,Ed Rains
1510,Kurt Rambis
1511,Jeff Ruland
1512,Danny Schayes
1513,Jim Smith
1514,Larry Spriggs
1515,Isiah Thomas
1516,Ray Tolbert
1517,Kelly Tripucka
1518,Elston Turner
1519,Darnell Valentine
1520,Pete Verhoeven
1521,Jay Vincent
1522,Danny Vranes
1523,Buck Williams
1524,Herb Williams
1525,Garry Witts
1526,Al Wood
1527,Howard Wood
1528,Orlando Woolridge
1529,Rich Yonakor
1530,Dwight Anderson
1531,J.J. Anderson
1532,Richard Anderson
1533,John Bagley
1534,Dave Batton
1535,Lester Conner
1536,Chubby Cox
1537,Terry Cummings
1538,Quintin Dailey
1539,Mark Eaton
1540,Jerry Eaves
1541,Keith Edmonson
1542,Chris Engler
1543,Bruce Flowers
1544,Sleepy Floyd
1545,Bill Garnett
1546,John Greig
1547,Scott Hastings
1548,Rod Higgins
1549,Craig Hodges
1550,Marc Iavaroni
1551,Jim Johnstone
1552,Hutch Jones
1553,Clark Kellogg
1554,Joe Kopicki
1555,Fat Lever
1556,Cliff Levingston
1557,Steve Lingenfelter
1558,Dave Magley
1559,Mark McNamara
1560,Guy Morgan
1561,Ed Nealy
1562,Chuck Nevitt
1563,Audie Norris
1564,Eddie Phillips
1565,Ricky Pierce
1566,Charles Pittman
1567,Paul Pressey
1568,Oliver Robinson
1569,Walker Russell
1570,Mike Sanders
1571,Russ Schoene
1572,Ed Sherod
1573,Jose Slaughter
1574,Derek Smith
1575,Brook Steppe
1576,Jeff Taylor
1577,Vince Taylor
1578,Terry Teagle
1579,David Thirdkill
1580,Corny Thompson
1581,LaSalle Thompson
1582,Darren Tillis
1583,Linton Townes
1584,Trent Tucker
1585,Bryan Warrick
1586,Rory White
1587,Dominique Wilkins
1588,Rickey Williams
1589,Rob Williams
1590,James Worthy
1591,Jim Zoet
1592,Ken Austin
1593,Thurl Bailey
1594,Randy Breuer
1595,Wallace Bryant
1596,Howard Carter
1597,Carlos Clark
1598,Leroy Combs
1599,Russell Cross
1600,Darren Daye
1601,Clyde Drexler
1602,Craig Ehlo
1603,Dale Ellis
1604,Rod Foster
1605,John Garris
1606,Mike Gibson
1607,Stewart Granger
1608,Sidney Green
1609,Bob Hansen
1610,Derek Harper
1611,Roy Hinson
1612,Charles Jones
1613,Mark Jones
1614,Greg Kite
1615,Bruce Kuczenski
1616,Darrell Lockhart
1617,Sidney Lowe
1618,Jeff Malone
1619,Pace Mannion
1620,Rodney McCray
1621,Scooter McCray
1622,Larry Micheaux
1623,Bob Miller
1624,John Paxson
1625,John Pinone
1626,Tom Piotrowski
1627,Leo Rautins
1628,Doc Rivers
1629,Fred Roberts
1630,Ralph Sampson
1631,Byron Scott
1632,Steve Stipanovich
1633,Jon Sundvold
1634,Dane Suttle
1635,Jim Thomas
1636,Paul Thompson
1637,Sedale Threatt
1638,Granville Waiters
1639,Darrell Walker
1640,Brant Weidner
1641,Mark West
1642,Ennis Whatley
1643,Mitchell Wiggins
1644,Kevin Williams
1645,Michael Wilson
1646,Randy Wittman
1647,Chuck Aleksinas
1648,Ron Anderson
1649,Ken Bannister
1650,Charles Barkley
1651,Cory Blackwell
1652,Sam Bowie
1653,Frank Brickowski
1654,Tony Brown
1655,Steve Burtt
1656,Michael Cage
1657,Tony Campbell
1658,Rick Carlisle
1659,Antoine Carr
1660,Ron Cavenall
1661,Steve Colter
1662,Devin Durrant
1663,Kenton Edelin
1664,Kenny Fields
1665,Vern Fleming
1666,Lancaster Gordon
1667,Butch Graves
1668,Stuart Gray
1669,Michael Holton
1670,Jay Humphries
1671,Ralph Jackson
1672,Earl Jones
1673,Ozell Jones
1674,Michael Jordan
1675,Jerome Kersey
1676,Tim McCormick
1677,Jay Murphy
1678,Hakeem Olajuwon
1679,Sam Perkins
1680,Jim Petersen
1681,Gary Plummer
1682,David Pope
1683,Alvin Robertson
1684,Wayne Sappleton
1685,Tom Scheffler
1686,John Schweitz
1687,Tom Sewell
1688,Charlie Sitton
1689,Tom Sluby
1690,Terence Stansbury
1691,John Stockton
1692,Peter Thibeaux
1693,Bernard Thompson
1694,Otis Thorpe
1695,Jeff Turner
1696,Melvin Turpin
1697,Willie White
1698,Eddie Lee Wilkins
1699,Dale Wilkinson
1700,Guy Williams
1701,Kevin Willis
1702,Othell Wilson
1703,Leon Wood
1704,Danny Young
1705,Michael Young
1706,Michael Adams
1707,John Battle
1708,Benoit Benjamin
1709,Uwe Blab
1710,Manute Bol
1711,Mike Brittain
1712,Terry Catledge
1713,Lorenzo Charles
1714,Fred Cofield
1715,David Cooke
1716,Tyrone Corbin
1717,Ron Crevier
1718,Jeff Cross
1719,Joe Dumars
1720,Patrick Ewing
1721,Georgi Glouchkov
1722,A.C. Green
1723,Ken Green
1724,Kenny Green
1725,Claude Gregory
1726,Steve Harris
1727,Jerome Henderson
1728,Carl Henry
1729,Alfredrick Hughes
1730,Ken Johnson
1731,Yvon Joseph
1732,Harold Keeling
1733,Joe Kleine
1734,Jon Koncak
1735,Keith Lee
1736,Karl Malone
1737,Bill Martin
1738,Brian Martin
1739,Dwayne McClain
1740,Xavier McDaniel
1741,Ben McDonald
1742,Chris McNealy
1743,Dirk Minniefield
1744,Perry Moss
1745,Chris Mullin
1746,Charles Oakley
1747,Michael Phelps
1748,Ed Pinckney
1749,Terry Porter
1750,Blair Rasmussen
1751,Jerry Reynolds
1752,Derrick Rowland
1753,Detlef Schrempf
1754,Carey Scurry
1755,Mike Smrek
1756,Alex Stivrins
1757,Greg Stokes
1758,Bob Thornton
1759,Wayman Tisdale
1760,Sedric Toney
1761,Nick Vanos
1762,Sam Vincent
1763,Spud Webb
1764,Bill Wennington
1765,Gerald Wilkins
1766,Pete Williams
1767,Voise Winters
1768,Rafael Addison
1769,Mark Alarie
1770,William Bedford
1771,Walter Berry
1772,Joe Binion
1773,Adrian Branch
1774,Mike Brown
1775,Ben Coleman
1776,Dell Curry
1777,Brad Daugherty
1778,Johnny Dawkins
1779,Bruce Douglas
1780,Greg Dreiling
1781,Kevin Duckworth
1782,Dave Feitl
1783,Kenny Gattison
1784,Grant Gondrezick
1785,Ron Harper
1786,Cedric Henderson
1787,Kevin Henderson
1788,Conner Henry
1789,Jeff Hornacek
1790,Myron Jackson
1791,Buck Johnson
1792,Steffond Johnson
1793,Anthony Jones
1794,Tim Kempton
1795,Curtis Kitchen
1796,Larry Krystkowiak
1797,Jim Lampley
1798,Fernando Martín
1799,Maurice Martin
1800,Forrest McKenzie
1801,Nate McMillan
1802,Cozell McQueen
1803,Pete Myers
1804,Johnny Newman
1805,Dennis Nutt
1806,Chuck Person
1807,Dwayne Polee
1808,Harold Pressley
1809,Mark Price
1810,Dennis Rodman
1811,Johnny Rogers
1812,Ron Rowan
1813,John Salley
1814,Brad Sellers
1815,McKinley Singleton
1816,Scott Skiles
1817,Clinton Smith
1818,Keith Smith
1819,Otis Smith
1820,Roy Tarpley
1821,Billy Thompson
1822,Andre Turner
1823,Kenny Walker
1824,Chris Washburn
1825,Pearl Washington
1826,Hot Rod Williams
1827,John Williams
1828,David Wingate
1829,Brad Wright
1830,Perry Young
1831,Mark Acres
1832,Steve Alford
1833,Greg Anderson
1834,Joe Arlauckas
1835,Vincent Askew
1836,Nate Blackwell
1837,Muggsy Bogues
1838,Norris Coleman
1839,Dallas Comegys
1840,Winston Crite
1841,Billy Donovan
1842,Chris Dudley
1843,Jim Farmer
1844,Tellis Frank
1845,Kevin Gamble
1846,Winston Garland
1847,Armen Gilliam
1848,Horace Grant
1849,Dave Henderson
1850,Dave Hoppen
1851,Dennis Hopson
1852,Eddie Hughes
1853,Mark Jackson
1854,Michael Jackson
1855,Kannard Johnson
1856,Kevin Johnson
1857,Bart Kofoed
1858,Ralph Lewis
1859,Reggie Lewis
1860,Brad Lohaus
1861,Derrick McKey
1862,Reggie Miller
1863,Andre Moore
1864,Ron Moore
1865,Ronnie Murphy
1866,Tod Murphy
1867,Martin Nessley
1868,Ken Norman
1869,Scottie Pippen
1870,Olden Polynice
1871,Richard Rellford
1872,Scott Roth
1873,Brian Rowsom
1874,Kenny Smith
1875,John Stroeder
1876,Mark Wade
1877,Milt Wagner
1878,Jamie Waller
1879,Duane Washington
1880,Chris Welp
1881,Clinton Wheeler
1882,Eric White
1883,Tony White
1884,Reggie Williams
1885,Nikita Wilson
1886,Ricky Wilson
1887,Rickie Winslow
1888,Joe Wolf
1889,Phil Zevenbergen
1890,Randy Allen
1891,Michael Anderson
1892,Willie Anderson
1893,Ricky Berry
1894,Anthony Bowie
1895,Scott Brooks
1896,Mark Bryant
1897,Greg Butler
1898,Mike Champion
1899,Rex Chapman
1900,Derrick Chievous
1901,Mark Davis
1902,Vinny Del Negro
1903,Fennis Dembo
1904,Ledell Eackles
1905,Kevin Edwards
1906,Wayne Englestad
1907,Rolando Ferreira
1908,Duane Ferrell
1909,Anthony Frederick
1910,Corey Gaines
1911,Tom Garrick
1912,Ben Gillery
1913,Orlando Graham
1914,Ron Grandison
1915,Gary Grant
1916,Harvey Grant
1917,Sylvester Gray
1918,Jeff Grayer
1919,Jack Haley
1920,Hersey Hawkins
1921,Tito Horford
1922,Avery Johnson
1923,Bill Jones
1924,Shelton Jones
1925,Steve Kerr
1926,Randolph Keys
1927,Jerome Lane
1928,Andrew Lang
1929,Eric Leckner
1930,Jim Les
1931,Rob Lock
1932,Grant Long
1933,Dan Majerle
1934,Danny Manning
1935,Vernon Maxwell
1936,Todd Mitchell
1937,Chris Morris
1938,Richard Morton
1939,Craig Neal
1940,José Ortiz
1941,Will Perdue
1942,Tim Perry
1943,Dave Popson
1944,Dominic Pressley
1945,Mitch Richmond
1946,Ramón Rivas
1947,David Rivers
1948,Rob Rose
1949,Jim Rowinski
1950,Rony Seikaly
1951,Charles Shackleford
1952,John Shasky
1953,Brian Shaw
1954,Keith Smart
1955,Charles Smith
1956,Rik Smits
1957,John Starks
1958,Everette Stephens
1959,Rod Strickland
1960,Barry Sumpter
1961,Anthony Taylor
1962,Tom Tolbert
1963,Kelvin Upshaw
1964,Morlon Wiley
1965,Micheal Williams
1966,David Wood
1967,Nick Anderson
1968,Michael Ansley
1969,B.J. Armstrong
1970,Dana Barros
1971,Kenny Battle
1972,Winston Bennett
1973,Mookie Blaylock
1974,Chucky Brown
1975,Raymond Brown
1976,Stanley Brundy
1977,Torgeir Bryn
1978,Steve Bucknall
1979,Adrian Caldwell
1980,Lanard Copeland
1981,Terry Davis
1982,Byron Dinkins
1983,Vlade Divac
1984,Sherman Douglas
1985,Terry Dozier
1986,Blue Edwards
1987,Jay Edwards
1988,Sean Elliott
1989,Pervis Ellison
1990,Derrick Gervin
1991,Greg Grant
1992,Scott Haffner
1993,Tom Hammonds
1994,Tim Hardaway
1995,Mike Higgins
1996,Ed Horton
1997,Byron Irvin
1998,Jaren Jackson
1999,Eric Johnson
2000,Nate Johnston
2001,Shawn Kemp
2002,Stan Kimbrough
2003,Stacey King
2004,Frank Kornet
2005,Jeff Lebo
2006,Tim Legler
2007,Gary Leonard
2008,Clifford Lett
2009,Todd Lichti
2010,Roy Marble
2011,Šarūnas Marčiulionis
2012,Jeff Martin
2013,Anthony Mason
2014,Bob McCann
2015,Mel McCants
2016,George McCloud
2017,Carlton McKinney
2018,Scott Meents
2019,Sam Mitchell
2020,Mike Morrison
2021,John Morton
2022,Dyron Nix
2023,Žarko Paspalj
2024,Kenny Payne
2025,Dražen Petrović
2026,Brian Quinnett
2027,J.R. Reid
2028,Glen Rice
2029,Pooh Richardson
2030,Clifford Robinson
2031,David Robinson
2032,Doug Roth
2033,Donald Royal
2034,Delaney Rudd
2035,Jeff Sanders
2036,Dexter Shouse
2037,Michael Smith
2038,Jay Taylor
2039,Leonard Taylor
2040,Henry Turner
2041,Gary Voce
2042,Alexander Volkov
2043,Doug West
2044,Randy White
2045,Mike Williams
2046,Haywoode Workman
2047,Alaa Abdelnaby
2048,Mahmoud Abdul-Rauf
2049,Keith Askins
2050,Miloš Babić
2051,Cedric Ball
2052,Lance Blanks
2053,Anthony Bonner
2054,Dee Brown
2055,Jud Buechler
2056,Matt Bullard
2057,Willie Burton
2058,Rick Calloway
2059,Elden Campbell
2060,Duane Causwell
2061,Cedric Ceballos
2062,Richard Coffey
2063,Derrick Coleman
2064,Bimbo Coles
2065,Anthony Cook
2066,Tony Dawson
2067,Mario Elie
2068,A.J. English
2069,Danny Ferry
2070,Greg Foster
2071,Tate George
2072,Kendall Gill
2073,Gerald Glass
2074,Dan Godfread
2075,Jim Grandholm
2076,Tony Harris
2077,Steve Henson
2078,Sean Higgins
2079,Tyrone Hill
2080,Dave Jamerson
2081,Henry James
2082,Les Jepsen
2083,Alec Kessler
2084,Bo Kimble
2085,Negele Knight
2086,Kurk Lee
2087,Marcus Liberty
2088,Ian Lockhart
2089,Tony Massenburg
2090,Travis Mays
2091,Terry Mills
2092,Chris Munk
2093,Jerrod Mustaf
2094,Dan O'Sullivan
2095,Alan Ogg
2096,Brian Oliver
2097,Gerald Paddio
2098,Walter Palmer
2099,Gary Payton
2100,Kevin Pritchard
2101,Larry Robinson
2102,Rumeal Robinson
2103,Steve Scheffler
2104,Dwayne Schintzius
2105,Dennis Scott
2106,Lionel Simmons
2107,Tony Smith
2108,Felton Spencer
2109,Irving Thomas
2110,Andy Toolson
2111,Loy Vaught
2112,Stojko Vranković
2113,Jayson Williams
2114,Kenny Williams
2115,Scott Williams
2116,Trevor Wilson
2117,Kennard Winchester
2118,Howard Wright
2119,A.J. Wynder
2120,Victor Alexander
2121,Kenny Anderson
2122,Greg Anthony
2123,Stacey Augmon
2124,Isaac Austin
2125,Steve Bardo
2126,David Benoit
2127,Terrell Brandon
2128,Kevin Brooks
2129,Myron Brown
2130,Randy Brown
2131,Demetrius Calip
2132,Pete Chilcutt
2133,Marty Conlon
2134,Tom Copa
2135,Chris Corchiani
2136,Corey Crowder
2137,Dale Davis
2138,Bison Dele
2139,Patrick Eddie
2140,LeRon Ellis
2141,Rick Fox
2142,Chris Gatling
2143,Paul Graham
2144,Sean Green
2145,Carl Herrera
2146,Donald Hodge
2147,Brian Howard
2148,Cedric Hunter
2149,Mike Iuzzolino
2150,Rich King
2151,Doug Lee
2152,Luc Longley
2153,Kevin Lynch
2154,Mark Macon
2155,Tharon Mayes
2156,Rodney Monroe
2157,Tracy Moore
2158,Eric Murdock
2159,Dikembe Mutombo
2160,Jimmy Oliver
2161,Billy Owens
2162,Keith Owens
2163,Robert Pack
2164,Elliot Perry
2165,Bobby Phills
2166,Mark Randall
2167,Stanley Roberts
2168,Doug Smith
2169,LaBradford Smith
2170,Steve Smith
2171,Larry Stewart
2172,Derek Strong
2173,Lamont Strothers
2174,Greg Sutton
2175,Carl Thomas
2176,Charles Thomas
2177,Stephen Thompson
2178,John Turner
2179,João Vianna
2180,Eric Anderson
2181,Anthony Avent
2182,Jon Barry
2183,Tony Bennett
2184,Alex Blackwell
2185,Ricky Blanton
2186,Walter Bond
2187,Dexter Cambridge
2188,Doug Christie
2189,Duane Cooper
2190,Joe Courtney
2191,John Crotty
2192,Radisav Ćurčić
2193,Lloyd Daniels
2194,Hubert Davis
2195,Todd Day
2196,Richard Dumas
2197,Pat Durham
2198,LaPhonso Ellis
2199,Jo Jo English
2200,Matt Geiger
2201,Litterial Green
2202,Tom Gugliotta
2203,Jay Guidinger
2204,Robert Horry
2205,Byron Houston
2206,Stephen Howard
2207,Jim Jackson
2208,Keith Jennings
2209,Dave Johnson
2210,Thomas Jordan
2211,Adam Keefe
2212,Christian Laettner
2213,Sam Mack
2214,Don MacLean
2215,Marlon Maxey
2216,Lee Mayberry
2217,Oliver Miller
2218,Harold Miner
2219,Isaiah Morris
2220,Alonzo Mourning
2221,Tracy Murray
2222,Melvin Newbern
2223,Shaquille O'Neal
2224,Matt Othick
2225,Doug Overton
2226,Anthony Peeler
2227,Brent Price
2228,Anthony Pullard
2229,Sean Rooks
2230,Malik Sealy
2231,Chris Smith
2232,Reggie Smith
2233,Andre Spencer
2234,Elmore Spencer
2235,Latrell Sprewell
2236,Barry Stevens
2237,Bryant Stith
2238,Gundars Vētra
2239,Clarence Weatherspoon
2240,Marcus Webb
2241,Robert Werdann
2242,Corey Williams
2243,Lorenzo Williams
2244,Walt Williams
2245,Randy Woods
2246,Gary Alexander
2247,Vin Baker
2248,Corie Blount
2249,Shawn Bradley
2250,P.J. Brown
2251,Evers Burns
2252,Scott Burrell
2253,Mitchell Butler
2254,Sam Cassell
2255,Calbert Cheaney
2256,Michael Curry
2257,Antonio Davis
2258,Brian Davis
2259,Terry Dehere
2260,Dell Demps
2261,Acie Earl
2262,Bill Edwards
2263,Doug Edwards
2264,Harold Ellis
2265,Alphonso Ford
2266,Chad Gallagher
2267,Andrew Gaze
2268,Ricky Grace
2269,Greg Graham
2270,Josh Grant
2271,Andrés Guibert
2272,Geert Hammink
2273,Anfernee Hardaway
2274,Lucious Harris
2275,Antonio Harvey
2276,Scott Haskin
2277,Skeeter Henry
2278,Allan Houston
2279,Lindsey Hunter
2280,Bobby Hurley
2281,Stanley Jackson
2282,Chris Jent
2283,Ervin Johnson
2284,Popeye Jones
2285,Adonis Jordan
2286,Reggie Jordan
2287,Warren Kidd
2288,Chris King
2289,Toni Kukoč
2290,George Lynch
2291,Malcolm Mackey
2292,Gerald Madkins
2293,Bob Martin
2294,Jamal Mashburn
2295,Darnell Mee
2296,Chris Mills
2297,Darren Morningstar
2298,Gheorghe Mureșan
2299,Bo Outlaw
2300,Mike Peplowski
2301,Richard Petruška
2302,Dino Radja
2303,Isaiah Rider
2304,Eric Riley
2305,James Robinson
2306,Rodney Rogers
2307,Bryon Russell
2308,Kevin Thompson
2309,Keith Tower
2310,Nick Van Exel
2311,Rex Walters
2312,Chris Webber
2313,Matt Wenstrom
2314,David Wesley
2315,Chris Whitney
2316,Aaron Williams
2317,Luther Wright
2318,Derrick Alston
2319,Darrell Armstrong
2320,Sergei Bazarevich
2321,Elmer Bennett
2322,James Blackwell
2323,Tim Breaux
2324,Chris Childs
2325,Bill Curley
2326,Yinka Dare
2327,Tony Dumas
2328,Howard Eisley
2329,Matt Fish
2330,Brian Grant
2331,Darrin Hancock
2332,Jerome Harmon
2333,Grant Hill
2334,Tom Hovasse
2335,Juwan Howard
2336,Askia Jones
2337,Eddie Jones
2338,Jason Kidd
2339,Antonio Lang
2340,Ryan Lorthridge
2341,Donyell Marshall
2342,Darrick Martin
2343,Jim McIlvaine
2344,Aaron McKie
2345,Anthony Miller
2346,Greg Minor
2347,Eric Mobley
2348,Eric Montross
2349,Dwayne Morton
2350,Lamond Murray
2351,Ivano Newbill
2352,Julius Nwosu
2353,Wesley Person
2354,Derrick Phelps
2355,Eric Piatkowski
2356,Eldridge Recasner
2357,Khalid Reeves
2358,Glenn Robinson
2359,Carlos Rogers
2360,Jalen Rose
2361,Clifford Rozier
2362,Trevor Ruffin
2363,Dickey Simpkins
2364,Reggie Slater
2365,Mark Strickland
2366,Aaron Swinson
2367,Žan Tabak
2368,Brooks Thompson
2369,Anthony Tucker
2370,B.J. Tyler
2371,Fred Vinson
2372,Charlie Ward
2373,Jamie Watson
2374,Monty Williams
2375,Dontonio Wingfield
2376,Sharone Wright
2377,Cory Alexander
2378,Jerome Allen
2379,John Amaechi
2380,Ashraf Amaya
2381,Brent Barry
2382,Corey Beck
2383,Mario Bennett
2384,Travis Best
2385,Melvin Booker
2386,Donnie Boyce
2387,Marques Bragg
2388,Junior Burrough
2389,Jason Caffey
2390,Chris Carr
2391,Randolph Childress
2392,Robert Churchwell
2393,Charles Claxton
2394,John Coker
2395,Rastko Cvetković
2396,Sasha Danilović
2397,Andrew DeClercq
2398,Tyus Edney
2399,Vincenzo Esposito
2400,Michael Finley
2401,Sherell Ford
2402,Kevin Garnett
2403,Anthony Goldwire
2404,Thomas Hamilton
2405,Alvin Heggs
2406,Alan Henderson
2407,Fred Hoiberg
2408,Darryl Johnson
2409,Frankie King
2410,Jimmy King
2411,Voshon Lenard
2412,Cedric Lewis
2413,Martin Lewis
2414,Rich Manning
2415,Donny Marshall
2416,Cuonzo Martin
2417,Clint McDaniel
2418,Antonio McDyess
2419,Loren Meyer
2420,Lawrence Moten
2421,Todd Mundt
2422,Howard Nathan
2423,Ed O'Bannon
2424,Greg Ostertag
2425,Cherokee Parks
2426,Theo Ratliff
2427,Bryant Reeves
2428,Don Reid
2429,Terrence Rencher
2430,Shawn Respert
2431,Lou Roe
2432,Stefano Rusconi
2433,Arvydas Sabonis
2434,Joe Smith
2435,Eric Snow
2436,Jerry Stackhouse
2437,Damon Stoudamire
2438,Bob Sura
2439,Larry Sykes
2440,Kurt Thomas
2441,Gary Trent
2442,Logan Vander Velden
2443,David Vaughn
2444,Rasheed Wallace
2445,Jeff Webster
2446,Dwayne Whitfield
2447,Eric Williams
2448,Corliss Williamson
2449,George Zídek
2450,Shareef Abdur-Rahim
2451,Ray Allen
2452,Shandon Anderson
2453,Dexter Boney
2454,Bruce Bowen
2455,Mark Bradtke
2456,Marcus Brown
2457,Kobe Bryant
2458,Marcus Camby
2459,Jimmy Carruth
2460,Erick Dampier
2461,Ben Davis
2462,Emanual Davis
2463,Tony Delk
2464,Nate Driggers
2465,Brian Evans
2466,Jamie Feick
2467,Derek Fisher
2468,Todd Fuller
2469,Dean Garrett
2470,Reggie Geary
2471,Devin Gray
2472,Evric Gray
2473,Darvin Ham
2474,Steve Hamer
2475,Othella Harrington
2476,Michael Hawkins
2477,Shane Heal
2478,Mark Hendrickson
2479,Allen Iverson
2480,Kerry Kittles
2481,Travis Knight
2482,Priest Lauderdale
2483,Randy Livingston
2484,Horacio Llamas
2485,Matt Maloney
2486,Stephon Marbury
2487,Walter McCarty
2488,Amal McCaskill
2489,Jeff McInnis
2490,Martin Müürsepp
2491,Steve Nash
2492,Ruben Nembhard
2493,Gaylon Nickerson
2494,Moochie Norris
2495,Jermaine O'Neal
2496,Ray Owes
2497,Vitaly Potapenko
2498,Chris Robinson
2499,Roy Rogers
2500,Malik Rose
2501,Kevin Salvadori
2502,Jason Sasser
2503,Brent Scott
2504,James Scott
2505,Shawnelle Scott
2506,Stevin Smith
2507,Matt Steigenga
2508,Joe Stephens
2509,Erick Strickland
2510,Brett Szabo
2511,Antoine Walker
2512,Samaki Walker
2513,Ben Wallace
2514,John Wallace
2515,Donald Whiteside
2516,Jerome Williams
2517,Lorenzen Wright
2518,Aleksandar Djordjevic
2519,Tariq Abdul-Wahad
2520,Derek Anderson
2521,Chris Anstey
2522,Drew Barry
2523,Tony Battie
2524,Chauncey Billups
2525,Etdrick Bohannon
2526,Keith Booth
2527,Rick Brunson
2528,Kelvin Cato
2529,Keith Closs
2530,James Collins
2531,James Cotton
2532,Chris Crawford
2533,Austin Croshere
2534,William Cunningham
2535,Antonio Daniels
2536,Tim Duncan
2537,Tony Farmer
2538,Danny Fortson
2539,Adonal Foyle
2540,Lawrence Funderburke
2541,Chris Garner
2542,Kiwane Lemorris Garris
2543,Ed Gray
2544,Derek Grimm
2545,Reggie Hanson
2546,Jerald Honeycutt
2547,Troy Hudson
2548,Zydrunas Ilgauskas
2549,Bobby Jackson
2550,Anthony Johnson
2551,Dontae' Jones
2552,Brevin Knight
2553,Rusty LaRue
2554,Jason Lawson
2555,Michael McDonald
2556,Tracy McGrady
2557,Ron Mercer
2558,Marko Milič
2559,Jeff Nordgaard
2560,Charles O'Bannon
2561,Kevin Ollie
2562,Anthony Parker
2563,Scot Pollard
2564,Mark Pope
2565,Rodrick Rhodes
2566,Shea Seals
2567,God Shammgod
2568,Kebu Stewart
2569,Michael Stewart
2570,Ed Stokes
2571,Johnny Taylor
2572,Maurice Taylor
2573,John Thomas
2574,Tim Thomas
2575,Keith Van Horn
2576,Jacque Vaughn
2577,Eric Washington
2578,Bubba Wells
2579,DeJuan Wheat
2580,Alvin Williams
2581,Brandon Williams
2582,Travis Williams
2583,Peter Aluma
2584,Toby Bailey
2585,Mark Baker
2586,Corey Benjamin
2587,Mike Bibby
2588,Earl Boykins
2589,Gerald Brown
2590,Cory Carr
2591,Vince Carter
2592,Keon Clark
2593,Kornél Dávid
2594,Ricky Davis
2595,Michael Dickerson
2596,Michael Doleac
2597,Bryce Drew
2598,Marlon Garnett
2599,Pat Garrity
2600,Paul Grant
2601,Matt Harpring
2602,Al Harrington
2603,J.R. Henderson
2604,Larry Hughes
2605,Randell Jackson
2606,Sam Jacobson
2607,Jerome James
2608,Antawn Jamison
2609,Damon Jones
2610,Jonathan Kerner
2611,Gerard King
2612,Raef LaFrentz
2613,Rashard Lewis
2614,Felipe López
2615,Tyronn Lue
2616,Sean Marks
2617,Kelly McCarty
2618,Jelani McCoy
2619,Roshown McLeod
2620,Brad Miller
2621,Cuttino Mobley
2622,Nazr Mohammed
2623,Mikki Moore
2624,Makhtar N'Diaye
2625,Tyrone Nesby
2626,Rasho Nesterović
2627,Dirk Nowitzki
2628,Michael Olowokandi
2629,Andrae Patterson
2630,Ruben Patterson
2631,Paul Pierce
2632,Casey Shaw
2633,Jeff Sheppard
2634,Miles Simon
2635,Alvin Sims
2636,Brian Skinner
2637,Ryan Stack
2638,Vladimir Stepania
2639,Peja Stojaković
2640,Bruno Šundov
2641,Robert Traylor
2642,Bonzi Wells
2643,Tyson Wheeler
2644,Jahidi White
2645,Jason Williams
2646,Shammond Williams
2647,Trevor Winter
2648,Korleone Young
2649,Rafer Alston
2650,Chucky Atkins
2651,William Avery
2652,Jonathan Bender
2653,Calvin Booth
2654,Lazaro Borrell
2655,Cal Bowdler
2656,Ryan Bowen
2657,Ira Bowman
2658,A.J. Bramlett
2659,Elton Brand
2660,Greg Buckner
2661,Rodney Buford
2662,Anthony Carter
2663,John Celestand
2664,Vonteego Cummings
2665,Baron Davis
2666,Derrick Dial
2667,Obinna Ekezie
2668,Evan Eschmeyer
2669,Jeff Foster
2670,Steve Francis
2671,Devean George
2672,Dion Glover
2673,Adrian Griffin
2674,Richard Hamilton
2675,Chris Herren
2676,Derek Hood
2677,Rick Hughes
2678,Jermaine Jackson
2679,Tim James
2680,Harold Jamison
2681,DeMarco Johnson
2682,Jumaine Jones
2683,Lari Ketner
2684,Trajan Langdon
2685,Quincy Lewis
2686,Todd MacCulloch
2687,Corey Maggette
2688,Shawn Marion
2689,Andre Miller
2690,Jason Miskiri
2691,Lamar Odom
2692,Scott Padgett
2693,Milt Palacio
2694,James Posey
2695,Laron Profit
2696,Aleksandar Radojević
2697,Ryan Robertson
2698,Eddie Robinson
2699,Michael Ruffin
2700,Wally Szczerbiak
2701,Jason Terry
2702,Jamel Thomas
2703,Kenny Thomas
2704,Mirsad Türkcan
2705,Wayne Turner
2706,Dedric Willoughby
2707,Metta World Peace
2708,Tim Young
2709,Courtney Alexander
2710,Dalibor Bagarić
2711,Erick Barkley
2712,Raja Bell
2713,Mark Blount
2714,Brian Cardinal
2715,Mateen Cleaves
2716,Jason Collier
2717,Sean Colson
2718,Jamal Crawford
2719,Keyon Dooling
2720,Khalid El-Amin
2721,Marcus Fizer
2722,Rubén Garcés
2723,Eddie Gill
2724,Steve Goodrich
2725,A.J. Guyton
2726,Zendon Hamilton
2727,Jason Hart
2728,Donnell Harvey
2729,Eddie House
2730,Marc Jackson
2731,Stephen Jackson
2732,DerMarr Johnson
2733,Garth Joseph
2734,Dan Langhi
2735,Art Long
2736,Mark Madsen
2737,Jamaal Magloire
2738,Kenyon Martin
2739,Desmond Mason
2740,Dan McClintock
2741,Paul McPherson
2742,Stanislav Medvedenko
2743,Chris Mihm
2744,Darius Miles
2745,Mike Miller
2746,Jérôme Moïso
2747,Hanno Möttölä
2748,Mamadou N'Diaye
2749,Lee Nailon
2750,Eduardo Nájera
2751,Ira Newble
2752,Olumide Oyedeji
2753,Andy Panko
2754,Mike Penberthy
2755,Morris Peterson
2756,Chris Porter
2757,Lavor Postell
2758,Joel Przybilla
2759,Michael Redd
2760,Quentin Richardson
2761,Terrance Roberson
2762,Jamal Robinson
2763,Soumaila Samake
2764,Pepe Sánchez
2765,Daniel Santiago
2766,Jabari Smith
2767,Mike Smith
2768,DeShawn Stevenson
2769,Stromile Swift
2770,Dragan Tarlać
2771,Jake Tsakalidis
2772,Hedo Türkoğlu
2773,David Vanterpool
2774,Jake Voskuhl
2775,Rubén Wolkowyski
2776,Wang Zhizhi
2777,Malik Allen
2778,Chris Andersen
2779,Gilbert Arenas
2780,Brandon Armstrong
2781,Carlos Arroyo
2782,Mengke Bateer
2783,Shane Battier
2784,Charlie Bell
2785,Ruben Boumtje-Boumtje
2786,Michael Bradley
2787,Jamison Brewer
2788,Primož Brezec
2789,Damone Brown
2790,Ernest Brown
2791,Kedrick Brown
2792,Kwame Brown
2793,Tierre Brown
2794,Tyson Chandler
2795,Speedy Claxton
2796,Jarron Collins
2797,Jason Collins
2798,Joe Crispin
2799,Eddy Curry
2800,Samuel Dalembert
2801,DeSagana Diop
2802,Predrag Drobnjak
2803,Maurice Evans
2804,Isaac Fontaine
2805,Alton Ford
2806,Joseph Forte
2807,Antonis Fotsis
2808,Tremaine Fowlkes
2809,Pau Gasol
2810,Eddie Griffin
2811,Tang Hamilton
2812,Trenton Hassell
2813,Kirk Haston
2814,Brendan Haywood
2815,Steven Hunter
2816,Mike James
2817,Richard Jefferson
2818,Joe Johnson
2819,Alvin Jones
2820,Andrei Kirilenko
2821,Terence Morris
2822,Troy Murphy
2823,Dean Oliver
2824,Tony Parker
2825,Vladimir Radmanović
2826,Zach Randolph
2827,Željko Rebrača
2828,Jason Richardson
2829,Norm Richardson
2830,Jeryl Sasser
2831,Kenny Satterfield
2832,Brian Scalabrine
2833,Ansu Sesay
2834,Bobby Simmons
2835,Leon Smith
2836,Will Solomon
2837,Etan Thomas
2838,Jamaal Tinsley
2839,Óscar Torres
2840,Jeff Trepagnier
2841,Ratko Varda
2842,Gerald Wallace
2843,Earl Watson
2844,Rodney White
2845,Loren Woods
2846,Robert Archibald
2847,Maceo Baston
2848,Mike Batiste
2849,Lonny Baxter
2850,Carlos Boozer
2851,J.R. Bremer
2852,Devin Brown
2853,Pat Burke
2854,Caron Butler
2855,Rasual Butler
2856,Dan Dickau
2857,Juan Dixon
2858,Melvin Ely
2859,Reggie Evans
2860,Dan Gadzuric
2861,Manu Ginóbili
2862,Gordan Giriček
2863,Drew Gooden
2864,Marcus Haislip
2865,Adam Harrington
2866,Junior Harrington
2867,Juaquin Hawkins
2868,Nenê
2869,Nate Huffman
2870,Ryan Humphrey
2871,Casey Jacobsen
2872,Marko Jarić
2873,Chris Jefferies
2874,Jared Jeffries
2875,Fred Jones
2876,Sean Lampley
2877,Tito Maddox
2878,Roger Mason
2879,Yao Ming
2880,Ronald Murray
2881,Boštjan Nachbar
2882,Mehmet Okur
2883,Chris Owens
2884,Jannero Pargo
2885,Smush Parker
2886,Tayshaun Prince
2887,Igor Rakočević
2888,Efthimis Rentzias
2889,Antoine Rigaudeau
2890,Guy Rucker
2891,Kareem Rush
2892,John Salmons
2893,Jamal Sampson
2894,Predrag Savović
2895,Paul Shirley
2896,Tamar Slay
2897,Amar'e Stoudemire
2898,Cezary Trybański
2899,Nikoloz Tskitishvili
2900,Dajuan Wagner
2901,Jiří Welsch
2902,Chris Wilcox
2903,Mike Wilks
2904,Frank Williams
2905,Jay Williams
2906,Qyntel Woods
2907,Vincent Yarbrough
2908,Carmelo Anthony
2909,Marcus Banks
2910,Leandro Barbosa
2911,Matt Barnes
2912,Jerome Beasley
2913,Troy Bell
2914,Steve Blake
2915,Keith Bogans
2916,Curtis Borchardt
2917,Chris Bosh
2918,Torraye Braggs
2919,Žarko Čabarkapa
2920,Matt Carroll
2921,Maurice Carter
2922,Brian Cook
2923,Omar Cook
2924,Marquis Daniels
2925,Josh Davis
2926,Boris Diaw
2927,Kaniel Dickens
2928,Ronald Dupree
2929,Ndudi Ebi
2930,Francisco Elson
2931,Desmond Ferguson
2932,T.J. Ford
2933,Richie Frahm
2934,Hiram Fuller
2935,Reece Gaines
2936,Alex Garcia
2937,Willie Green
2938,Ben Handlogten
2939,Travis Hansen
2940,Udonis Haslem
2941,Jarvis Hayes
2942,Kirk Hinrich
2943,Josh Howard
2944,Brandon Hunter
2945,LeBron James
2946,Britton Johnsen
2947,Linton Johnson
2948,Dahntay Jones
2949,James Jones
2950,Chris Kaman
2951,Jason Kapono
2952,Kyle Korver
2953,Maciej Lampe
2954,Raül López
2955,Keith McLeod
2956,Darko Miličić
2957,Travis Outlaw
2958,Zaza Pachulia
2959,Sasha Pavlović
2960,Desmond Penigar
2961,Kirk Penney
2962,Kendrick Perkins
2963,Mickaël Piétrus
2964,Zoran Planinić
2965,Luke Ridnour
2966,Theron Smith
2967,Darius Songaila
2968,Mike Sweetney
2969,Ime Udoka
2970,Slavko Vraneš
2971,Dwyane Wade
2972,Luke Walton
2973,David West
2974,Mo Williams
2975,Tony Allen
2976,Rafael Araújo
2977,Trevor Ariza
2978,Maurice Baker
2979,Andre Barrett
2980,Andris Biedriņš
2981,Tony Bobbitt
2982,Matt Bonner
2983,Antonio Burks
2984,Jackie Butler
2985,Geno Carlisle
2986,Lionel Chalmers
2987,Josh Childress
2988,Nick Collison
2989,Erik Daniels
2990,Carlos Delfino
2991,Luol Deng
2992,Chris Duhon
2993,Corsley Edwards
2994,John Edwards
2995,Andre Emmett
2996,Luis Flores
2997,Matt Freije
2998,Ben Gordon
2999,Devin Harris
3000,David Harrison
3001,Dwight Howard
3002,Kris Humphries
3003,Andre Iguodala
3004,D.J. Mbenga
3005,Royal Ivey
3006,Al Jefferson
3007,Horace Jenkins
3008,Mario Kasun
3009,Viktor Khryapa
3010,Brandin Knight
3011,Nenad Krstić
3012,Ibo Kutluay
3013,Shaun Livingston
3014,Kevin Martin
3015,Jameer Nelson
3016,Andrés Nocioni
3017,Emeka Okafor
3018,Pavel Podkolzin
3019,Peter John Ramos
3020,Justin Reed
3021,Jared Reiner
3022,Bernard Robinson
3023,Quinton Ross
3024,Ha Seung-Jin
3025,Donta Smith
3026,J.R. Smith
3027,Josh Smith
3028,Kirk Snyder
3029,Pape Sow
3030,Awvee Storey
3031,Robert Swift
3032,Yuta Tabuse
3033,Sebastian Telfair
3034,Billy Thomas
3035,James Thomas
3036,Beno Udrih
3037,Anderson Varejão
3038,Jackson Vroman
3039,Sasha Vujačić
3040,Delonte West
3041,Damien Wilkins
3042,Dorell Wright
3043,Alex Acker
3044,Alan Anderson
3045,Martynas Andriuškevičius
3046,Earl Barron
3047,Eddie Basden
3048,Brandon Bass
3049,Esteban Batista
3050,Andray Blatche
3051,Andrew Bogut
3052,Kevin Burleson
3053,Andrew Bynum
3054,Will Bynum
3055,José Calderón
3056,Travis Diener
3057,Ike Diogu
3058,Monta Ellis
3059,Daniel Ewing
3060,Noel Felix
3061,Raymond Felton
3062,Gerald Fitch
3063,Sharrod Ford
3064,Channing Frye
3065,Deng Gai
3066,Francisco García
3067,Ryan Gomes
3068,Joey Graham
3069,Stephen Graham
3070,Danny Granger
3071,Devin Green
3072,Gerald Green
3073,Orien Greene
3074,Anthony Grundy
3075,Chuck Hayes
3076,Luther Head
3077,Julius Hodge
3078,Randy Holcomb
3079,Jarrett Jack
3080,Šarūnas Jasikevičius
3081,Amir Johnson
3082,Dwayne Jones
3083,Linas Kleiza
3084,Yaroslav Korolev
3085,David Lee
3086,John Lucas III
3087,Arvydas Macijauskas
3088,Rawle Marshall
3089,Jason Maxiell
3090,Sean May
3091,Rashad McCants
3092,Aaron Miles
3093,C.J. Miles
3094,Sergei Monia
3095,Boniface N'Dong
3096,Fabricio Oberto
3097,Andre Owens
3098,Chris Paul
3099,Johan Petro
3100,Josh Powell
3101,Ronnie Price
3102,Shavlik Randolph
3103,Anthony Roberson
3104,Lawrence Roberts
3105,Nate Robinson
3106,Melvin Sanders
3107,Alex Scales
3108,Luke Schenscher
3109,Wayne Simien
3110,James Singleton
3111,Salim Stoudamire
3112,Chris Taft
3113,Donell Taylor
3114,Dijon Thompson
3115,Ronny Turiaf
3116,Charlie Villanueva
3117,Von Wafer
3118,Matt Walsh
3119,Hakim Warrick
3120,Martell Webster
3121,Robert Whaley
3122,Deron Williams
3123,Lou Williams
3124,Marvin Williams
3125,Antoine Wright
3126,Bracey Wright
3127,Derrick Zimmerman
3128,Hassan Adams
3129,Maurice Ager
3130,LaMarcus Aldridge
3131,Lou Amundson
3132,Hilton Armstrong
3133,James Augustine
3134,Kelenna Azubuike
3135,Renaldo Balkman
3136,J.J. Barea
3137,Andrea Bargnani
3138,Will Blalock
3139,Josh Boone
3140,Cedric Bozeman
3141,Ronnie Brewer
3142,Andre Brown
3143,Shannon Brown
3144,Rodney Carney
3145,Mardy Collins
3146,Will Conroy
3147,Paul Davis
3148,Yakhouba Diawara
3149,Quincy Douby
3150,Jordan Farmar
3151,Desmon Farmer
3152,Randy Foye
3153,Jorge Garbajosa
3154,Rudy Gay
3155,Mickaël Gelabale
3156,Daniel Gibson
3157,Andreas Glyniadakis
3158,Lynn Greer
3159,Mike Hall
3160,Walter Herrmann
3161,Robert Hite
3162,Ryan Hollins
3163,Mile Ilić
3164,Ersan İlyasova
3165,Alexander Johnson
3166,Solomon Jones
3167,Tarence Kinsey
3168,James Lang
3169,Kyle Lowry
3170,Renaldo Major
3171,Damir Markota
3172,Chris McCray
3173,Ivan McFarlin
3174,Pops Mensah-Bonsu
3175,Paul Millsap
3176,Randolph Morris
3177,Adam Morrison
3178,David Noel
3179,Steve Novak
3180,Patrick O'Bryant
3181,Kevinn Pinkney
3182,Leon Powe
3183,Roger Powell
3184,Chris Quinn
3185,Allan Ray
3186,J.J. Redick
3187,Jeremy Richardson
3188,Sergio Rodríguez
3189,Rajon Rondo
3190,Brandon Roy
3191,Thabo Sefolosha
3192,Mouhamed Sene
3193,Cedric Simmons
3194,Uroš Slokar
3195,Craig Smith
3196,Steven Smith
3197,Vassilis Spanoulis
3198,Tyrus Thomas
3199,P.J. Tucker
3200,Marcus Vinicius
3201,James White
3202,Justin Williams
3203,Marcus Williams
3204,Shawne Williams
3205,Shelden Williams
3206,Arron Afflalo
3207,Blake Ahearn
3208,Lance Allred
3209,Morris Almond
3210,Joel Anthony
3211,Marco Belinelli
3212,Corey Brewer
3213,Aaron Brooks
3214,Wilson Chandler
3215,Mike Conley
3216,Daequan Cook
3217,Javaris Crittenton
3218,Jermareo Davidson
3219,Glen Davis
3220,Guillermo Díaz
3221,Jared Dudley
3222,Kevin Durant
3223,Nick Fazekas
3224,Kyrylo Fesenko
3225,Thomas Gardner
3226,Marcin Gortat
3227,Aaron Gray
3228,Jeff Green
3229,Taurean Green
3230,Mike Harris
3231,Spencer Hawes
3232,Al Horford
3233,Yi Jianlian
3234,Coby Karl
3235,Carl Landry
3236,Keith Langford
3237,Stéphane Lasme
3238,Acie Law
3239,Ian Mahinmi
3240,Dominic McGuire
3241,Josh McRoberts
3242,Jamario Moon
3243,Juan Carlos Navarro
3244,Demetris Nichols
3245,Joakim Noah
3246,Oleksiy Pecherov
3247,Kosta Perović
3248,Kasib Powell
3249,Gabe Pruitt
3250,Chris Richard
3251,Cheikh Samb
3252,Luis Scola
3253,Ramon Sessions
3254,Courtney Sims
3255,Jason Smith
3256,D.J. Strawberry
3257,Rodney Stuckey
3258,Al Thornton
3259,Alando Tucker
3260,Darius Washington
3261,Darryl Watkins
3262,C.J. Watson
3263,Mario West
3264,Sean Williams
3265,Brandan Wright
3266,Julian Wright
3267,Nick Young
3268,Thaddeus Young
3269,Alexis Ajinça
3270,Joe Alexander
3271,Ryan Anderson
3272,Darrell Arthur
3273,D.J. Augustin
3274,Nicolas Batum
3275,Jerryd Bayless
3276,Michael Beasley
3277,Bobby Brown
3278,Mario Chalmers
3279,Joe Crawford
3280,Joey Dorsey
3281,Chris Douglas-Roberts
3282,Goran Dragić
3283,Rudy Fernández
3284,Danilo Gallinari
3285,Marc Gasol
3286,J.R. Giddens
3287,Eric Gordon
3288,Donté Greene
3289,Hamed Haddadi
3290,Malik Hairston
3291,Roy Hibbert
3292,J.J. Hickson
3293,George Hill
3294,Steven Hill
3295,Othello Hunter
3296,Darnell Jackson
3297,Nathan Jawai
3298,Dontell Jefferson
3299,Trey Johnson
3300,DeAndre Jordan
3301,Kosta Koufos
3302,Rob Kurz
3303,Courtney Lee
3304,Brook Lopez
3305,Robin Lopez
3306,Kevin Love
3307,Cartier Martin
3308,O.J. Mayo
3309,Luc Mbah a Moute
3310,JaVale McGee
3311,Anthony Morrow
3312,DeMarcus Nelson
3313,Greg Oden
3314,Anthony Randolph
3315,Derrick Rose
3316,Brandon Rush
3317,Walter Sharpe
3318,Sean Singletary
3319,Marreese Speights
3320,Mike Taylor
3321,Jason Thompson
3322,Anthony Tolliver
3323,Roko Ukić
3324,Henry Walker
3325,Kyle Weaver
3326,Sonny Weems
3327,Russell Westbrook
3328,D.J. White
3329,Jawad Williams
3330,Sun Yue
3331,David Andersen
3332,Antonio Anderson
3333,Jeff Ayres
3334,Rodrigue Beaubois
3335,DeJuan Blair
3336,Jon Brockman
3337,Derrick Brown
3338,Chase Budinger
3339,DeMarre Carroll
3340,Omri Casspi
3341,Earl Clark
3342,Darren Collison
3343,Dante Cunningham
3344,JamesOn Curry
3345,Stephen Curry
3346,Austin Daye
3347,DeMar DeRozan
3348,Toney Douglas
3349,Wayne Ellington
3350,Tyreke Evans
3351,Jonny Flynn
3352,Sundiata Gaines
3353,Alonzo Gee
3354,Taj Gibson
3355,Trey Gilder
3356,Danny Green
3357,Taylor Griffin
3358,Tyler Hansbrough
3359,James Harden
3360,Jordan Hill
3361,Jrue Holiday
3362,Lester Hudson
3363,Chris Hunter
3364,Serge Ibaka
3365,Cedric Jackson
3366,Othyus Jeffers
3367,Brandon Jennings
3368,Jonas Jerebko
3369,James Johnson
3370,Oliver Lafayette
3371,Marcus Landry
3372,Ty Lawson
3373,Wesley Matthews
3374,Eric Maynor
3375,Jodie Meeks
3376,Patty Mills
3377,Byron Mullens
3378,A.J. Price
3379,DaJuan Summers
3380,Jermaine Taylor
3381,Jeff Teague
3382,Garrett Temple
3383,Hasheem Thabeet
3384,Marcus Thornton
3385,Terrence Williams
3386,Sam Young
3387,Jeff Adrien
3388,Solomon Alabi
3389,Cole Aldrich
3390,Al-Farouq Aminu
3391,James Anderson
3392,Ömer Aşık
3393,Luke Babbitt
3394,Eric Bledsoe
3395,Trevor Booker
3396,Craig Brackins
3397,Avery Bradley
3398,Derrick Caracter
3399,Sherron Collins
3400,Marcus Cousin
3401,DeMarcus Cousins
3402,Jordan Crawford
3403,Ed Davis
3404,Zabian Dowdell
3405,Devin Ebanks
3406,Semih Erden
3407,Jeremy Evans
3408,Christian Eyenga
3409,Derrick Favors
3410,Landry Fields
3411,Gary Forbes
3412,Paul George
3413,Blake Griffin
3414,Luke Harangody
3415,Manny Harris
3416,Gordon Hayward
3417,Lazar Hayward
3418,Xavier Henry
3419,Damion James
3420,Eugene Jeter
3421,Armon Johnson
3422,Chris Johnson
3423,Wesley Johnson
3424,Dominique Jones
3425,Gani Lawal
3426,Jeremy Lin
3427,Greg Monroe
3428,Timofey Mozgov
3429,Hamady N'Diaye
3430,Gary Neal
3431,Larry Owens
3432,Patrick Patterson
3433,Nikola Peković
3434,Dexter Pittman
3435,Quincy Pondexter
3436,Andy Rautins
3437,Samardo Samuels
3438,Larry Sanders
3439,Kevin Séraphin
3440,Mustafa Shakur
3441,Garret Siler
3442,Ish Smith
3443,Tiago Splitter
3444,Lance Stephenson
3445,Pape Sy
3446,Evan Turner
3447,Ekpe Udoh
3448,Ben Uzoh
3449,Greivis Vásquez
3450,John Wall
3451,Willie Warren
3452,Hassan Whiteside
3453,Lavoy Allen
3454,Gustavo Ayón
3455,Keith Benson
3456,Bismack Biyombo
3457,MarShon Brooks
3458,Alec Burks
3459,Jimmy Butler
3460,Derrick Byars
3461,Norris Cole
3462,Eric Dawson
3463,Justin Dentmon
3464,Jerome Dyson
3465,Kenneth Faried
3466,Jeff Foote
3467,Courtney Fortson
3468,Jimmer Fredette
3469,Mickell Gladness
3470,Andrew Goudelock
3471,Jordan Hamilton
3472,Justin Harper
3473,Josh Harrellson
3474,Terrel Harris
3475,Tobias Harris
3476,Cory Higgins
3477,Darington Hobson
3478,Tyler Honeycutt
3479,Dennis Horner
3480,Kyrie Irving
3481,Reggie Jackson
3482,Charles Jenkins
3483,Carldell Johnson
3484,Ivan Johnson
3485,JaJuan Johnson
3486,Jerome Jordan
3487,Cory Joseph
3488,Enes Kanter
3489,D.J. Kennedy
3490,Brandon Knight
3491,Malcolm Lee
3492,Kawhi Leonard
3493,Travis Leslie
3494,Jon Leuer
3495,DeAndre Liggins
3496,Shelvin Mack
3497,Vernon Macklin
3498,E'Twaun Moore
3499,Darius Morris
3500,Marcus Morris
3501,Markieff Morris
3502,Daniel Orton
3503,Jeremy Pargo
3504,Chandler Parsons
3505,Ryan Reid
3506,Ricky Rubio
3507,Josh Selby
3508,Iman Shumpert
3509,Xavier Silas
3510,Chris Singleton
3511,Donald Sloan
3512,Jerry Smith
3513,Nolan Smith
3514,Greg Stiemsma
3515,Julyan Stone
3516,Isaiah Thomas
3517,Lance Thomas
3518,Malcolm Thomas
3519,Trey Thompkins
3520,Klay Thompson
3521,Mychel Thompson
3522,Tristan Thompson
3523,Jeremy Tyler
3524,Edwin Ubiles
3525,Jan Veselý
3526,Nikola Vučević
3527,Kemba Walker
3528,Derrick Williams
3529,Elliot Williams
3530,Jordan Williams
3531,Chris Wright
3532,Quincy Acy
3533,Josh Akognon
3534,Harrison Barnes
3535,Will Barton
3536,Aron Baynes
3537,Kent Bazemore
3538,Bradley Beal
3539,Patrick Beverley
3540,Victor Claver
3541,Chris Copeland
3542,Jae Crowder
3543,Jared Cunningham
3544,Anthony Davis
3545,Nando De Colo
3546,Andre Drummond
3547,Kim English
3548,Festus Ezeli
3549,Evan Fournier
3550,Joel Freeland
3551,Diante Garrett
3552,Draymond Green
3553,Ben Hansbrough
3554,Maurice Harkless
3555,John Henson
3556,Justin Holiday
3557,Bernard James
3558,John Jenkins
3559,Orlando Johnson
3560,Darius Johnson-Odom
3561,DeQuan Jones
3562,Kevin Jones
3563,Perry Jones
3564,Terrence Jones
3565,Kris Joseph
3566,Michael Kidd-Gilchrist
3567,Viacheslav Kravtsov
3568,Doron Lamb
3569,Jeremy Lamb
3570,Meyers Leonard
3571,Damian Lillard
3572,Scott Machado
3573,Kendall Marshall
3574,Fab Melo
3575,Khris Middleton
3576,Darius Miller
3577,Quincy Miller
3578,Donatas Motiejūnas
3579,Arnett Moultrie
3580,Kevin Murphy
3581,Andrew Nicholson
3582,Kyle O'Quinn
3583,Tim Ohlbrecht
3584,Miles Plumlee
3585,Pablo Prigioni
3586,Austin Rivers
3587,Brian Roberts
3588,Thomas Robinson
3589,Terrence Ross
3590,Robert Sacre
3591,Mike Scott
3592,Tornike Shengelia
3593,Alexey Shved
3594,Henry Sims
3595,Kyle Singler
3596,Jared Sullinger
3597,Tyshawn Taylor
3598,Marquis Teague
3599,Mirza Teletović
3600,Jonas Valančiūnas
3601,Jarvis Varnado
3602,Dion Waiters
3603,Maalik Wayns
3604,Tony Wroten
3605,Luke Zeller
3606,Tyler Zeller
3607,Steven Adams
3608,Giannis Antetokounmpo
3609,Pero Antić
3610,Chris Babb
3611,Anthony Bennett
3612,Vander Blue
3613,Lorenzo Brown
3614,Reggie Bullock
3615,Trey Burke
3616,Dwight Buycks
3617,Nick Calathes
3618,Kentavious Caldwell-Pope
3619,Isaiah Canaan
3620,Michael Carter-Williams
3621,Dionte Christmas
3622,Ian Clark
3623,Robert Covington
3624,Allen Crabbe
3625,Seth Curry
3626,Troy Daniels
3627,Gigi Datome
3628,Brandon Davies
3629,Dewayne Dedmon
3630,Matthew Dellavedova
3631,Gorgui Dieng
3632,Shane Edwards
3633,Vítor Luiz Faverani
3634,Carrick Felix
3635,Jamaal Franklin
3636,Rudy Gobert
3637,Archie Goodwin
3638,Jorge Gutiérrez
3639,Justin Hamilton
3640,Tim Hardaway Jr.
3641,Elias Harris
3642,Solomon Hill
3643,Scotty Hopson
3644,Robbie Hummel
3645,Sergey Karasev
3646,Ryan Kelly
3647,Ognjen Kuzmić
3648,Shane Larkin
3649,Ricky Ledo
3650,Alex Len
3651,Ray McCallum
3652,CJ McCollum
3653,Ben McLemore
3654,Gal Mekel
3655,Tony Mitchell
3656,Shabazz Muhammad
3657,Erik Murphy
3658,Toure' Murry
3659,Mike Muscala
3660,Nemanja Nedović
3661,James Nunnally
3662,Victor Oladipo
3663,Kelly Olynyk
3664,Arinze Onuaku
3665,Mason Plumlee
3666,Otto Porter
3667,Phil Pressey
3668,Miroslav Raduljica
3669,Glen Rice Jr.
3670,Andre Roberson
3671,Dennis Schröder
3672,Peyton Siva
3673,Tony Snell
3674,James Southerland
3675,D.J. Stephens
3676,Adonis Thomas
3677,Hollis Thompson
3678,Casper Ware
3679,Royce White
3680,Jeff Withey
3681,Nate Wolters
3682,Cody Zeller
3683,Jordan Adams
3684,Furkan Aldemir
3685,Kyle Anderson
3686,Cameron Bairstow
3687,Jerrelle Benimon
3688,Sim Bhullar
3689,Tarik Black
3690,Bojan Bogdanović
3691,Jabari Brown
3692,Markel Brown
3693,Bruno Caboclo
3694,Clint Capela
3695,Will Cherry
3696,Patrick Christopher
3697,Jordan Clarkson
3698,Jack Cooley
3699,Bryce Cotton
3700,Andre Dawkins
3701,Spencer Dinwiddie
3702,Zoran Dragić
3703,Larry Drew II
3704,Cleanthony Early
3705,James Ennis
3706,Tyler Ennis
3707,Dante Exum
3708,Tim Frazier
3709,Langston Galloway
3710,Aaron Gordon
3711,Drew Gordon
3712,Jerami Grant
3713,Erick Green
3714,JaMychal Green
3715,P.J. Hairston
3716,Gary Harris
3717,Joe Harris
3718,Rodney Hood
3719,Joe Ingles
3720,Cory Jefferson
3721,Grant Jerrett
3722,Nick Johnson
3723,Tyler Johnson
3724,Sean Kilpatrick
3725,Alex Kirk
3726,Joffrey Lauvergne
3727,Zach LaVine
3728,Kalin Lucas
3729,Devyn Marble
3730,James Michael McAdoo
3731,K.J. McDaniels
3732,Doug McDermott
3733,Mitch McGary
3734,Jerel McNeal
3735,Elijah Millsap
3736,Nikola Mirotić
3737,Eric Moreland
3738,Shabazz Napier
3739,Nerlens Noel
3740,Lucas Nogueira
3741,Jusuf Nurkić
3742,Johnny O'Bryant
3743,Kostas Papanikolaou
3744,Jabari Parker
3745,Adreian Payne
3746,Elfrid Payton
3747,Dwight Powell
3748,Julius Randle
3749,Glenn Robinson III
3750,Damjan Rudež
3751,JaKarr Sampson
3752,Marcus Smart
3753,Russ Smith
3754,Nik Stauskas
3755,David Stockton
3756,Jarnell Stokes
3757,Noah Vonleh
3758,T.J. Warren
3759,David Wear
3760,Travis Wear
3761,Shayne Whittington
3762,Andrew Wiggins
3763,C.J. Wilcox
3764,James Young
3765,Cliff Alexander
3766,Justin Anderson
3767,Thanasis Antetokounmpo
3768,Keith Appling
3769,Nemanja Bjelica
3770,Devin Booker
3771,Anthony Brown
3772,Willie Cauley-Stein
3773,Rakeem Christmas
3774,Coty Clarke
3775,Pat Connaughton
3776,Branden Dawson
3777,Bryce Dejean-Jones
3778,Sam Dekker
3779,Duje Dukan
3780,Jarell Eddie
3781,Cristiano Felício
3782,Jerian Grant
3783,Montrezl Harrell
3784,Aaron Harrison
3785,Mario Hezonja
3786,Darrun Hilliard
3787,Rondae Hollis-Jefferson
3788,Richaun Holmes
3789,Marcelo Huertas
3790,Josh Huestis
3791,R.J. Hunter
3792,Damien Inglis
3793,Stanley Johnson
3794,Nikola Jokić
3795,Tyus Jones
3796,Frank Kaminsky
3797,Sasha Kaun
3798,Kevon Looney
3799,Trey Lyles
3800,Boban Marjanović
3801,Jarell Martin
3802,T.J. McConnell
3803,Chris McCullough
3804,Jordan McRae
3805,Salah Mejri
3806,Jordan Mickey
3807,Luis Montero
3808,Emmanuel Mudiay
3809,Xavier Munford
3810,Larry Nance Jr.
3811,Raul Neto
3812,J.J. O'Brien
3813,Jahlil Okafor
3814,Kelly Oubre Jr.
3815,Lamar Patterson
3816,Cameron Payne
3817,Tibor Pleiß
3818,Bobby Portis
3819,Kristaps Porziņģis
3820,Norman Powell
3821,Willie Reed
3822,Josh Richardson
3823,Terry Rozier
3824,D'Angelo Russell
3825,Jonathon Simmons
3826,Alex Stepheson
3827,Edy Tavares
3828,Axel Toupane
3829,Karl-Anthony Towns
3830,Myles Turner
3831,Rashad Vaughn
3832,Briante Weber
3833,Alan Williams
3834,Justise Winslow
3835,Christian Wood
3836,Delon Wright
3837,Joe Young
3838,Álex Abrines
3839,Ron Baker
3840,Wade Baldwin
3841,Malik Beasley
3842,DeAndre' Bembry
3843,Dragan Bender
3844,Ben Bentil
3845,Dāvis Bertāns
3846,Joel Bolomboy
3847,Malcolm Brogdon
3848,Jaylen Brown
3849,Nicolás Brussino
3850,Marquese Chriss
3851,Semaj Christon
3852,Quinn Cook
3853,Deyonta Davis
3854,Malcolm Delaney
3855,Cheick Diallo
3856,Kris Dunn
3857,Henry Ellenson
3858,Joel Embiid
3859,Kay Felder
3860,Yogi Ferrell
3861,Dorian Finney-Smith
3862,Bryn Forbes
3863,Patricio Garino
3864,Michael Gbinije
3865,Marcus Georges-Hunt
3866,Jonathan Gibson
3867,Treveon Graham
3868,A.J. Hammons
3869,Andrew Harrison
3870,Juan Hernangómez
3871,Willy Hernangómez
3872,Buddy Hield
3873,Danuel House
3874,Brandon Ingram
3875,Demetrius Jackson
3876,Pierre Jackson
3877,Brice Johnson
3878,Damian Jones
3879,Derrick Jones Jr.
3880,Mindaugas Kuzminskas
3881,Skal Labissière
3882,Nicolás Laprovíttola
3883,Jake Layman
3884,Caris LeVert
3885,Shawn Long
3886,Timothé Luwawu-Cabarrot
3887,Sheldon Mac
3888,Thon Maker
3889,Patrick McCaw
3890,Rodney McGruder
3891,Dejounte Murray
3892,Jamal Murray
3893,Maurice Ndour
3894,Georges Niang
3895,David Nwaba
3896,Daniel Ochefu
3897,Chinanu Onuaku
3898,Georgios Papagiannis
3899,Gary Payton II
3900,Marshall Plumlee
3901,Jakob Poeltl
3902,Alex Poythress
3903,Tim Quarterman
3904,Chasson Randle
3905,Malachi Richardson
3906,Domantas Sabonis
3907,Dario Šarić
3908,Tomáš Satoranský
3909,Wayne Selden
3910,Pascal Siakam
3911,Diamond Stone
3912,Isaiah Taylor
3913,Mike Tobey
3914,Tyler Ulis
3915,Jarrod Uthoff
3916,Denzel Valentine
3917,Fred VanVleet
3918,Taurean Prince
3919,Okaro White
3920,Isaiah Whitehead
3921,Troy Williams
3922,Kyle Wiltjer
3923,Stephen Zimmerman
3924,Paul Zipser
3925,Ivica Zubac
3926,Bam Adebayo
3927,Jarrett Allen
3928,Kadeem Allen
3929,Ike Anigbogu
3930,OG Anunoby
3931,Ryan Arcidiacono
3932,Jamel Artis
3933,Dwayne Bacon
3934,Lonzo Ball
3935,Jordan Bell
3936,Khem Birch
3937,Jabari Bird
3938,Antonio Blakeney
3939,Bogdan Bogdanović
3940,Chris Boucher
3941,Tony Bradley
3942,Dillon Brooks
3943,Sterling Brown
3944,Thomas Bryant
3945,Alex Caruso
3946,Tyler Cavanaugh
3947,Gian Clavell
3948,Antonius Cleveland
3949,John Collins
3950,Zach Collins
3951,Kyle Collinsworth
3952,Charles Cooke
3953,Matt Costello
3954,Torrey Craig
3955,Tyler Dorsey
3956,Damyean Dotson
3957,Milton Doyle
3958,PJ Dozier
3959,Jawun Evans
3960,Terrance Ferguson
3961,De'Aaron Fox
3962,Markelle Fultz
3963,Josh Gray
3964,Daniel Hamilton
3965,Shaquille Harrison
3966,Josh Hart
3967,Nigel Hayes
3968,Reggie Hearn
3969,Myke Henry
3970,Isaiah Hicks
3971,John Holland
3972,Vince Hunter
3973,Andre Ingram
3974,Jonathan Isaac
3975,Wesley Iwundu
3976,Aaron Jackson
3977,Josh Jackson
3978,Justin Jackson
3979,Dakari Johnson
3980,Omari Johnson
3981,Jalen Jones
3982,Luke Kennard
3983,Maxi Kleber
3984,Furkan Korkmaz
3985,Luke Kornet
3986,Kyle Kuzma
3987,T.J. Leaf
3988,Damion Lee
3989,Walt Lemon Jr.
3990,Tyler Lydon
3991,Josh Magette
3992,Lauri Markkanen
3993,Frank Mason III
3994,Mangok Mathiang
3995,Erik McCree
3996,Trey McKinney-Jones
3997,Alfonzo McKinnie
3998,Malcolm Miller
3999,Donovan Mitchell
4000,Naz Mitrou-Long
4001,Malik Monk
4002,Ben Moore
4003,Jaylen Morris
4004,Monte Morris
4005,Johnathan Motley
4006,Abdel Nader
4007,Frank Ntilikina
4008,Royce O'Neale
4009,Semi Ojeleye
4010,Cedi Osman
4011,Marcus Paige
4012,Justin Patton
4013,Brandon Paul
4014,London Perrantes
4015,Alec Peters
4016,Jacob Pullen
4017,Rodney Purvis
4018,Zhou Qi
4019,Ivan Rabb
4020,Xavier Rathan-Mayes
4021,Davon Reed
4022,Devin Robinson
4023,Ben Simmons
4024,Kobi Simmons
4025,Dennis Smith Jr.
4026,Edmond Sumner
4027,Caleb Swanigan
4028,Jayson Tatum
4029,Miloš Teodosić
4030,Daniel Theis
4031,Sindarius Thornwell
4032,Tyrone Wallace
4033,Derrick Walton
4034,Jameel Warney
4035,James Webb III
4036,Andrew White
4037,Derrick White
4038,Jacob Wiley
4039,C.J. Williams
4040,Matt Williams
4041,D.J. Wilson
4042,Jamil Wilson
4043,Guerschon Yabusele
4044,Ante Žižić
4045,Jaylen Adams
4046,Deng Adel
4047,DeVaughn Akoon-Purcell
4048,Rawle Alkins
4049,Grayson Allen
4050,Kostas Antetokounmpo
4051,Deandre Ayton
4052,Marvin Bagley III
4053,Mo Bamba
4054,Keita Bates-Diop
4055,Dairis Bertāns
4056,Jaron Blossomgame
4057,Jonah Bolden
4058,Isaac Bonga
4059,Mikal Bridges
4060,Miles Bridges
4061,Isaiah Briscoe
4062,Ryan Broekhoff
4063,Bruce Brown
4064,Troy Brown Jr.
4065,Jalen Brunson
4066,Deonte Burton
4067,Jevon Carter
4068,Wendell Carter Jr.
4069,Troy Caupain
4070,Joe Chealey
4071,Chris Chiozza
4072,Gary Clark
4073,Bonzie Colson
4074,Mitch Creek
4075,Tyler Davis
4076,Ángel Delgado
4077,Marcus Derrickson
4078,Hamidou Diallo
4079,Donte DiVincenzo
4080,Luka Dončić
4081,Trevon Duval
4082,Vince Edwards
4083,Drew Eubanks
4084,Jacob Evans
4085,Melvin Frazier
4086,Billy Garrett
4087,Harry Giles
4088,Shai Gilgeous-Alexander
4089,Brandon Goodwin
4090,Devonte' Graham
4091,Donte Grantham
4092,Dusty Hannahs
4093,Isaiah Hartenstein
4094,Haywood Highsmith
4095,Aaron Holiday
4096,Kevin Huerter
4097,Isaac Humphries
4098,Chandler Hutchison
4099,Frank Jackson
4100,Jaren Jackson Jr.
4101,Amile Jefferson
4102,Alize Johnson
4103,B.J. Johnson
4104,Jemerrio Jones
4105,Kevin Knox
4106,Rodions Kurucs
4107,Zach Lofton
4108,Jordan Loyd
4109,Daryl Macon
4110,J.P. Macura
4111,Yante Maten
4112,Tahjere McCall
4113,De'Anthony Melton
4114,Chimezie Metu
4115,Shake Milton
4116,Džanan Musa
4117,Sviatoslav Mykhailiuk
4118,Elie Okobo
4119,Josh Okogie
4120,Theo Pinson
4121,Cameron Reynolds
4122,Duncan Robinson
4123,Jerome Robinson
4124,Mitchell Robinson
4125,Brandon Sampson
4126,Collin Sexton
4127,Landry Shamet
4128,Jordan Sibert
4129,Anfernee Simons
4130,Zhaire Smith
4131,Ray Spalding
4132,Omari Spellman
4133,Jared Terrell
4134,Emanuel Terry
4135,Khyri Thomas
4136,Gary Trent Jr.
4137,Allonzo Trier
4138,Jarred Vanderbilt
4139,Moritz Wagner
4140,Lonnie Walker
4141,Brad Wanamaker
4142,Julian Washburn
4143,Yuta Watanabe
4144,Thomas Welsh
4145,Johnathan Williams
4146,Kenrich Williams
4147,Robert Williams
4148,Trae Young
4149,Kyle Alexander
4150,Nickeil Alexander-Walker
4151,RJ Barrett
4152,Darius Bazley
4153,Goga Bitadze
4154,Bol Bol
4155,Marques Bolden
4156,Jordan Bone
4157,Brian Bowen
4158,Ky Bowman
4159,Jarrell Brantley
4160,Ignas Brazdeikis
4161,Oshae Brissett
4162,Charlie Brown
4163,Moses Brown
4164,Devontae Cacok
4165,Vlatko Čančar
4166,Zylan Cheatham
4167,Brandon Clarke
4168,Nicolas Claxton
4169,Chris Clemons
4170,Amir Coffey
4171,Tyler Cook
4172,Jarrett Culver
4173,Terence Davis
4174,Luguentz Dort
4175,Sekou Doumbouya
4176,Carsen Edwards
4177,Tacko Fall
4178,Bruno Fernando
4179,Michael Frazier
4180,Wenyen Gabriel
4181,Daniel Gafford
4182,Darius Garland
4183,Javonte Green
4184,Marko Guduric
4185,Kyle Guy
4186,Rui Hachimura
4187,Devon Hall
4188,Donta Hall
4189,Jared Harper
4190,Jaxson Hayes
4191,Dewan Hernandez
4192,Tyler Herro
4193,Kevin Hervey
4194,Jaylen Hoard
4195,Talen Horton-Tucker
4196,William Howard
4197,De'Andre Hunter
4198,Justin James
4199,DaQuan Jeffries
4200,Ty Jerome
4201,Cameron Johnson
4202,Keldon Johnson
4203,Mfiondu Kabengele
4204,Stanton Kidd
4205,Louis King
4206,John Konchar
4207,Romeo Langford
4208,Vic Law
4209,Jalen Lecque
4210,Nassir Little
4211,Terance Mann
4212,Caleb Martin
4213,Cody Martin
4214,Jeremiah Martin
4215,Kelan Martin
4216,Garrison Mathews
4217,Jalen McDaniels
4218,Jordan McLaughlin
4219,Nicolò Melli
4220,Eric Mika
4221,Adam Mokoka
4222,Matt Mooney
4223,Ja Morant
4224,Juwan Morgan
4225,Mychal Mulder
4226,Malik Newman
4227,Zach Norvell
4228,Jaylen Nowell
4229,Kendrick Nunn
4230,KZ Okpala
4231,Miye Oni
4232,Tariq Owens
4233,Eric Paschall
4234,Anžejs Pasečņiks
4235,Norvel Pelle
4236,Vincent Poirier
4237,Shamorie Ponds
4238,Jordan Poole
4239,Kevin Porter Jr.
4240,Michael Porter Jr.
4241,Josh Reaves
4242,Cam Reddish
4243,Naz Reid
4244,Justin Robinson
4245,Isaiah Roby
4246,Luka Šamanić
4247,Admiral Schofield
4248,Marial Shayok
4249,Chris Silva
4250,Alen Smailagić
4251,Max Strus
4252,Matt Thomas
4253,Matisse Thybulle
4254,Juan Toscano-Anderson
4255,Rayjon Tucker
4256,Gabe Vincent
4257,Dean Wade
4258,P.J. Washington
4259,Tremont Waters
4260,Paul Watson
4261,Quinndary Weatherspoon
4262,Coby White
4263,Grant Williams
4264,Nigel Williams-Goss
4265,Zion Williamson
4266,Justin Wright-Foreman
